type,lat,lng,source,active,directionality,reportedHeadingDeg,userBearing,createdAt,updatedAt,speedLimitKph,zoneLengthMeters,zoneStartLat,zoneStartLng,zoneEndLat,zoneEndLng,id,votes,votesCount
SPEED_LIMIT_ZONE,-1.2509914,36.6865465,SEED,true,BIDIRECTIONAL,0.0,,2025-09-09T05:45:57.771644Z,,50,129,-1.24984412,36.68492717,-1.25052111,36.68587849,1757409863199,0,0
RUMBLE_STRIP,-1.2516454,36.68747677,SEED,true,BIDIRECTIONAL,0.0,,2025-09-09T05:46:02.964760Z,,,,,,,,1757409863205,0,0
RUMBLE_STRIP,-1.25731268,36.69962138,SEED,true,ONE_WAY,0.0,,2025-09-09T05:47:12.831424Z,,,,,,,,1757409863221,0,0
RUMBLE_STRIP,-1.25743948,36.69997913,SEED,true,ONE_WAY,0.0,,2025-09-09T05:47:20.806134Z,,,,,,,,1757409863234,0,0
SPEED_BUMP,-1.2575425,36.70025508,SEED,true,ONE_WAY,0.0,,2025-09-09T05:47:28.491605Z,,,,,,,,1757409863243,0,0
RUMBLE_STRIP,-1.25765779,36.7005891,SEED,true,ONE_WAY,0.0,,2025-09-09T05:47:39.901884Z,,,,,,,,1757409863259,0,0
RUMBLE_STRIP,-1.25813379,36.70204,SEED,true,ONE_WAY,0.0,,2025-09-09T05:48:02.375773Z,,,,,,,,1757409863267,0,0
RUMBLE_STRIP,-1.2582955,36.7024837,SEED,true,ONE_WAY,0.0,,2025-09-09T05:48:07.352725Z,,,,,,,,1757409863272,0,0
SPEED_BUMP,-1.25840059,36.70278103,SEED,true,ONE_WAY,0.0,,2025-09-09T05:48:14.045817Z,,,,,,,,1757409863278,0,0
RUMBLE_STRIP,-1.26003607,36.7093749,SEED,true,ONE_WAY,0.0,,2025-09-09T05:49:02.984888Z,,,,,,,,1757409863287,0,0
SPEED_BUMP,-1.26013456,36.70996685,SEED,true,ONE_WAY,0.0,,2025-09-09T05:49:17.606682Z,,,,,,,,1757409863292,0,0
RUMBLE_STRIP,-1.26021017,36.71031476,SEED,true,ONE_WAY,0.0,,2025-09-09T05:49:25.473291Z,,,,,,,,1757409863298,0,0
RUMBLE_STRIP,-1.26019416,36.71831713,SEED,true,ONE_WAY,0.0,,2025-09-09T05:50:14.201816Z,,,,,,,,1757409863303,0,0
RUMBLE_STRIP,-1.26007492,36.71903543,SEED,true,ONE_WAY,0.0,,2025-09-09T05:50:21.068481Z,,,,,,,,1757409863309,0,0
RUMBLE_STRIP,-1.26253747,36.72746658,SEED,true,ONE_WAY,0.0,,2025-09-09T05:51:11.725876Z,,,,,,,,1757409863317,0,0
SPEED_BUMP,-1.26277411,36.72788221,SEED,true,ONE_WAY,0.0,,2025-09-09T05:51:15.356682Z,,,,,,,,1757409863326,0,0
RUMBLE_STRIP,-1.26404897,36.7322819,SEED,true,ONE_WAY,0.0,,2025-09-09T05:51:52.033023Z,,,,,,,,1757409863336,0,0
SPEED_BUMP,-1.26408689,36.73250583,SEED,true,ONE_WAY,0.0,,2025-09-09T05:52:00.425578Z,,,,,,,,1757409863344,0,0
RUMBLE_STRIP,-1.26440093,36.73593538,SEED,true,ONE_WAY,0.0,,2025-09-09T05:52:33.120170Z,,,,,,,,1757409863353,0,0
SPEED_BUMP,-1.26441351,36.73618333,SEED,true,ONE_WAY,0.0,,2025-09-09T05:52:41.431559Z,,,,,,,,1757409863361,0,0
RUMBLE_STRIP,-1.26435996,36.73971535,SEED,true,ONE_WAY,0.0,,2025-09-09T05:53:15.521967Z,,,,,,,,1757409863370,0,0
SPEED_BUMP,-1.26434992,36.73991024,SEED,true,ONE_WAY,0.0,,2025-09-09T05:53:22.550487Z,,,,,,,,1757409863379,0,0
RUMBLE_STRIP,-1.26415752,36.74786915,SEED,true,ONE_WAY,0.0,,2025-09-09T05:54:33.126094Z,,,,,,,,1757409863390,0,0
RUMBLE_STRIP,-1.26414572,36.74818496,SEED,true,ONE_WAY,0.0,,2025-09-09T05:54:40.595208Z,,,,,,,,1757409863399,0,0
SPEED_BUMP,-1.26412034,36.74844428,SEED,true,ONE_WAY,0.0,,2025-09-09T05:54:48.485644Z,,,,,,,,1757409863408,0,0
RUMBLE_STRIP,-1.26407207,36.74871462,SEED,true,ONE_WAY,0.0,,2025-09-09T05:54:54.835641Z,,,,,,,,1757409863417,0,0
RUMBLE_STRIP,-1.26377173,36.75722611,SEED,true,ONE_WAY,0.0,,2025-09-09T05:55:49.596247Z,,,,,,,,1757409863425,0,0
RUMBLE_STRIP,-1.26372249,36.75768597,SEED,true,ONE_WAY,0.0,,2025-09-09T05:56:00.179823Z,,,,,,,,1757409863435,0,0
SPEED_BUMP,-1.26369994,36.75796089,SEED,true,ONE_WAY,0.0,,2025-09-09T05:56:06.135160Z,,,,,,,,1757409863444,0,0
RUMBLE_STRIP,-1.2636786,36.75818595,SEED,true,ONE_WAY,0.0,,2025-09-09T05:56:12.335649Z,,,,,,,,1757409863457,0,0
RUMBLE_STRIP,-1.26348285,36.76041634,SEED,true,ONE_WAY,0.0,,2025-09-09T05:56:34.566361Z,,,,,,,,1757409863469,0,0
SPEED_BUMP,-1.26337763,36.76103574,SEED,true,ONE_WAY,0.0,,2025-09-09T05:56:38.864333Z,,,,,,,,1757409863478,0,0
RUMBLE_STRIP,-1.26299321,36.76354254,SEED,true,ONE_WAY,0.0,,2025-09-09T05:57:01.517663Z,,,,,,,,1757409863488,0,0
SPEED_BUMP,-1.26297775,36.76362115,SEED,true,ONE_WAY,0.0,,2025-09-09T05:57:03.621039Z,,,,,,,,1757409863497,0,0
RUMBLE_STRIP,-1.26041231,36.7691929,SEED,true,BIDIRECTIONAL,0.0,,2025-09-09T05:57:42.656762Z,,,,,,,,1757409863507,0,0
RUMBLE_STRIP,-1.26034406,36.76949399,SEED,true,ONE_WAY,0.0,,2025-09-09T05:57:44.630572Z,,,,,,,,1757409863516,0,0
SPEED_BUMP,-1.2601948,36.77023828,SEED,true,ONE_WAY,0.0,,2025-09-09T05:57:51.578383Z,,,,,,,,1757409863526,0,0
SPEED_BUMP,-1.25988388,36.79133063,SEED,true,ONE_WAY,0.0,,2025-09-09T06:03:34.918056Z,,,,,,,,1757409863537,0,0
SPEED_BUMP,-1.25937075,36.79031252,SEED,true,BIDIRECTIONAL,0.0,,2025-09-09T06:03:52.053254Z,,,,,,,,1757409863547,0,0
SPEED_BUMP,-1.2589721811851489,36.7894846200943,SEED,true,BIDIRECTIONAL,0.0,,2025-09-09T06:04:04.037363Z,,,,,,,,1757409863557,0,0
SPEED_BUMP,-1.258753298716376,36.78886838257313,USER,true,ONE_WAY,0.0,0.0,2025-09-09T10:33:34.059020Z,,,,,,,,1757414014070,0,0
SPEED_BUMP,-1.25849156,36.78750282,USER,true,BIDIRECTIONAL,254.7,254.7,2025-09-09T10:37:53.141144Z,,,,,,,,1757414273163,0,0
SPEED_BUMP,-1.25829121,36.78938402,USER,true,BIDIRECTIONAL,0.0,0.0,2025-09-09T11:36:07.406516Z,,,,,,,,1757417767431,0,0
SPEED_BUMP,-1.25909322,36.78974582,USER,true,BIDIRECTIONAL,82.5,82.5,2025-09-09T14:41:47.403542Z,,,,,,,,1757428907418,0,0
POTHOLE,-1.25939784,36.79199506,USER,true,BIDIRECTIONAL,4.9,4.9,2025-09-09T14:42:52.090860Z,,,,,,,,1757428972111,0,0
SPEED_BUMP,-1.25975339,36.79722085,USER,true,BIDIRECTIONAL,98.3,98.3,2025-09-09T14:45:20.763029Z,,,,,,,,1757429120782,0,0
SPEED_BUMP,-1.25979887,36.79751712,USER,true,BIDIRECTIONAL,98.8,98.8,2025-09-09T14:45:28.746213Z,,,,,,,,1757429128767,0,0
SPEED_BUMP,-1.25955675,36.80051514,USER,true,BIDIRECTIONAL,348.0,348.0,2025-09-09T15:13:40.289914Z,,,,,,,,1757430820297,0,0
SPEED_BUMP,-1.25900531,36.8007991,USER,true,BIDIRECTIONAL,45.4,45.4,2025-09-09T15:13:54.644541Z,,,,,,,,1757430834655,0,0
SPEED_BUMP,-1.25893374,36.80166333,USER,true,BIDIRECTIONAL,150.2,150.2,2025-09-09T15:14:34.766508Z,,,,,,,,1757430874783,0,0
SPEED_BUMP,-1.25945359,36.80200179,USER,true,ONE_WAY,153.8,153.8,2025-09-09T15:14:49.842940Z,,,,,,,,1757430889854,0,0
SPEED_BUMP,-1.26086222,36.80284157,USER,true,ONE_WAY,164.2,164.2,2025-09-09T15:15:15.708060Z,,,,,,,,1757430915718,0,0
SPEED_BUMP,-1.26640232,36.80578613,USER,true,BIDIRECTIONAL,315.2,315.2,2025-09-09T15:27:15.751098Z,,,,,,,,1757431635769,0,0
POTHOLE,-1.26638968,36.8044358,USER,true,BIDIRECTIONAL,214.9,214.9,2025-09-09T15:27:57.795310Z,,,,,,,,1757431677806,0,0
POTHOLE,-1.26659224,36.8042254,USER,true,BIDIRECTIONAL,225.4,225.4,2025-09-09T15:28:11.850237Z,,,,,,,,1757431691863,0,0
RUMBLE_STRIP,-1.26028981,36.7710909,USER,true,ONE_WAY,258.3,258.3,2025-09-09T17:40:47.596734Z,,,,,,,,1757439647619,0,0
SPEED_BUMP,-1.26035933,36.77073801,USER,true,ONE_WAY,258.7,258.7,2025-09-09T17:40:54.029599Z,,,,,,,,1757439654052,0,0
RUMBLE_STRIP,-1.2604313,36.77036982,USER,true,ONE_WAY,260.1,260.1,2025-09-09T17:40:59.894515Z,,,,,,,,1757439659923,0,0
RUMBLE_STRIP,-1.2627401,36.76517109,USER,true,ONE_WAY,248.5,248.5,2025-09-09T17:41:40.241559Z,,,,,,,,1757439700272,0,0
RUMBLE_STRIP,-1.26289066,36.76473161,USER,true,ONE_WAY,254.7,254.7,2025-09-09T17:41:44.240510Z,,,,,,,,1757439704264,0,0
SPEED_BUMP,-1.26298636,36.76433772,USER,true,ONE_WAY,256.5,256.5,2025-09-09T17:41:52.418601Z,,,,,,,,1757439712449,0,0
RUMBLE_STRIP,-1.26464083,36.73611717,USER,true,ONE_WAY,272.3,272.3,2025-09-09T17:45:44.312534Z,,,,,,,,1757439944338,0,0
SPEED_BUMP,-1.26461595,36.73559247,USER,true,ONE_WAY,275.3,275.3,2025-09-09T17:45:57.288906Z,,,,,,,,1757439957311,0,0
RUMBLE_STRIP,-1.26437914,36.73333543,USER,true,ONE_WAY,277.8,277.8,2025-09-09T17:46:21.522814Z,,,,,,,,1757439981545,0,0
SPEED_BUMP,-1.26436036,36.73318308,USER,true,ONE_WAY,280.4,280.4,2025-09-09T17:46:25.429041Z,,,,,,,,1757439985458,0,0
RUMBLE_STRIP,-1.26382156,36.72982536,USER,true,ONE_WAY,284.5,284.5,2025-09-09T17:46:57.161158Z,,,,,,,,1757440017175,0,0
SPEED_BUMP,-1.26375483,36.72954509,USER,true,ONE_WAY,285.3,285.3,2025-09-09T17:47:02.590049Z,,,,,,,,1757440022608,0,0
SPEED_BUMP,-1.26019874,36.71983024,USER,true,ONE_WAY,267.1,267.1,2025-09-09T17:48:06.372355Z,,,,,,,,1757440086398,0,0
RUMBLE_STRIP,-1.26053446,36.71155223,USER,true,ONE_WAY,100.5,100.5,2025-09-09T17:49:15.470999Z,,,,,,,,1757440155493,0,0
RUMBLE_STRIP,-1.26046623,36.71112961,USER,true,ONE_WAY,280.2,280.2,2025-09-09T17:49:26.205701Z,,,,,,,,1757440166229,0,0
SPEED_BUMP,-1.26041804,36.71087179,USER,true,ONE_WAY,102.3,102.3,2025-09-09T17:49:33.598318Z,,,,,,,,1757440173623,0,0
RUMBLE_STRIP,-1.25899568,36.70425052,USER,true,ONE_WAY,289.0,289.0,2025-09-09T17:50:33.840513Z,,,,,,,,1757440233852,0,0
RUMBLE_STRIP,-1.25880704,36.7037499,USER,true,ONE_WAY,289.9,289.9,2025-09-09T17:50:40.531771Z,,,,,,,,1757440240544,0,0
SPEED_BUMP,-1.25872151,36.70349713,USER,true,ONE_WAY,289.6,289.6,2025-09-09T17:50:48.119823Z,,,,,,,,1757440248150,0,0
RUMBLE_STRIP,-1.25803471,36.70158025,USER,true,ONE_WAY,290.1,290.1,2025-09-09T17:51:10.118049Z,,,,,,,,1757440270148,0,0
RUMBLE_STRIP,-1.25791953,36.70120615,USER,true,ONE_WAY,289.3,289.3,2025-09-09T17:51:16.431001Z,,,,,,,,1757440276460,0,0
SPEED_BUMP,-1.25780436,36.70091478,USER,true,ONE_WAY,290.0,290.0,2025-09-09T17:51:27.856308Z,,,,,,,,1757440287892,0,0
RUMBLE_STRIP,-1.25248831,36.688518,USER,true,ONE_WAY,303.6,303.6,2025-09-09T17:52:51.789647Z,,,,,,,,1757440371819,0,0
RUMBLE_STRIP,-1.24772174,36.68172883,USER,true,ONE_WAY,304.5,304.5,2025-09-09T17:53:33.172451Z,,,,,,,,1757440413202,0,0
RUMBLE_STRIP,-1.24725086,36.68019449,USER,true,ONE_WAY,260.3,260.3,2025-09-09T17:53:47.178773Z,,,,,,,,1757440427203,0,0
SPEED_BUMP,-1.24729375,36.67987274,USER,true,BIDIRECTIONAL,265.8,265.8,2025-09-09T17:53:52.626146Z,,,,,,,,1757440432645,0,0
SPEED_BUMP,-1.24731572,36.67959789,USER,true,BIDIRECTIONAL,264.2,264.2,2025-09-09T17:54:00.060175Z,,,,,,,,1757440440085,0,0
POTHOLE,-1.24766276,36.68202063,USER,true,BIDIRECTIONAL,123.4,123.4,2025-09-09T17:55:37.991404Z,,,,,,,,1757440538022,0,0
POTHOLE,-1.24787053,36.68237292,USER,true,BIDIRECTIONAL,122.4,122.4,2025-09-09T17:55:59.454901Z,,,,,,,,1757440559492,0,0
SPEED_BUMP,-1.27968766,36.76947709,USER,true,BIDIRECTIONAL,215.3,215.3,2025-09-10T06:09:45.998742Z,,,,,,,,1757484586018,0,0
SPEED_BUMP,-1.28044321,36.76998234,USER,true,BIDIRECTIONAL,124.0,124.0,2025-09-10T06:10:13.399070Z,,,,,,,,1757484613425,0,0
SPEED_BUMP,-1.25815948,36.78881219,USER,true,BIDIRECTIONAL,333.7,333.7,2025-09-10T15:11:50.103707Z,,,,,,,,1757517110129,0,0
SPEED_BUMP,-1.25776929,36.78863936,USER,true,BIDIRECTIONAL,334.8,334.8,2025-09-10T15:12:00.233502Z,,,,,,,,1757517120267,0,0
SPEED_BUMP,-1.2571698,36.78821757,USER,true,BIDIRECTIONAL,286.8,286.8,2025-09-10T15:12:21.717664Z,,,,,,,,1757517141741,0,0
SPEED_BUMP,-1.256662,36.78669651,USER,true,ONE_WAY,289.1,289.1,2025-09-10T15:12:45.383598Z,,,,,,,,1757517165405,0,0
SPEED_BUMP,-1.25619889,36.78616419,USER,true,BIDIRECTIONAL,276.7,276.7,2025-09-10T15:13:04.118922Z,,,,,,,,1757517184156,0,0
SPEED_BUMP,-1.25591956,36.78433112,USER,true,BIDIRECTIONAL,278.0,278.0,2025-09-10T15:13:33.424625Z,,,,,,,,1757517213463,0,0
SPEED_BUMP,-1.25582208,36.78355094,USER,true,BIDIRECTIONAL,277.4,277.4,2025-09-10T15:13:50.347421Z,,,,,,,,1757517230370,0,0
SPEED_BUMP,-1.25559706,36.78212246,USER,true,BIDIRECTIONAL,280.0,280.0,2025-09-10T15:14:21.426957Z,,,,,,,,1757517261455,0,0
SPEED_BUMP,-1.25549136,36.78153427,USER,true,BIDIRECTIONAL,282.2,282.2,2025-09-10T15:14:37.077370Z,,,,,,,,1757517277110,0,0
SPEED_BUMP,-1.25486808,36.77875145,USER,true,BIDIRECTIONAL,286.3,286.3,2025-09-10T15:15:11.757569Z,,,,,,,,1757517311779,0,0
SPEED_BUMP,-1.25397765,36.77530376,USER,true,BIDIRECTIONAL,286.7,286.7,2025-09-10T15:15:57.033982Z,,,,,,,,1757517357065,0,0
SPEED_BUMP,-1.25046836,36.76950168,USER,true,BIDIRECTIONAL,270.4,270.4,2025-09-10T15:19:12.233132Z,,,,,,,,1757517552264,0,0
SPEED_BUMP,-1.25048078,36.76901223,USER,true,BIDIRECTIONAL,269.4,269.4,2025-09-10T15:19:25.401263Z,,,,,,,,1757517565431,0,0
SPEED_BUMP,-1.25050149,36.7682489,USER,true,BIDIRECTIONAL,269.0,269.0,2025-09-10T15:19:40.682636Z,,,,,,,,1757517580713,0,0
SPEED_BUMP,-1.25053148,36.76764363,USER,true,BIDIRECTIONAL,268.2,268.2,2025-09-10T15:19:53.707318Z,,,,,,,,1757517593733,0,0
SPEED_BUMP,-1.25063342,36.76585047,USER,true,BIDIRECTIONAL,268.4,268.4,2025-09-10T15:20:36.926181Z,,,,,,,,1757517636962,0,0
SPEED_BUMP,-1.25067018,36.76492139,USER,true,BIDIRECTIONAL,266.6,266.6,2025-09-10T15:20:52.732814Z,,,,,,,,1757517652769,0,0
SPEED_BUMP,-1.25102499,36.75878763,USER,true,BIDIRECTIONAL,264.9,264.9,2025-09-10T15:22:05.366028Z,,,,,,,,1757517725399,0,0
SPEED_BUMP,-1.25116773,36.75747084,USER,true,BIDIRECTIONAL,262.1,262.1,2025-09-10T15:22:24.472813Z,,,,,,,,1757517744497,0,0
SPEED_BUMP,-1.25133675,36.75673921,USER,true,BIDIRECTIONAL,258.4,258.4,2025-09-10T15:22:40.698385Z,,,,,,,,1757517760722,0,0
SPEED_BUMP,-1.25150518,36.75601068,USER,true,BIDIRECTIONAL,259.2,259.2,2025-09-10T15:22:56.717492Z,,,,,,,,1757517776750,0,0
SPEED_BUMP,-1.25282878,36.75414994,USER,true,BIDIRECTIONAL,184.5,184.5,2025-09-10T15:23:36.366352Z,,,,,,,,1757517816397,0,0
SPEED_BUMP,-1.25402733,36.75321405,USER,true,BIDIRECTIONAL,242.0,242.0,2025-09-10T15:23:57.734496Z,,,,,,,,1757517837754,0,0
SPEED_BUMP,-1.25523973,36.75185884,USER,true,BIDIRECTIONAL,217.8,217.8,2025-09-10T15:24:24.499974Z,,,,,,,,1757517864539,0,0
SPEED_BUMP,-1.25648191,36.75137122,USER,true,BIDIRECTIONAL,187.3,187.3,2025-09-10T15:24:46.849886Z,,,,,,,,1757517886886,0,0
SPEED_BUMP,-1.2588434,36.75103168,USER,true,BIDIRECTIONAL,189.7,189.7,2025-09-10T15:25:10.382826Z,,,,,,,,1757517910421,0,0
SPEED_BUMP,-1.25975728,36.75090234,USER,true,BIDIRECTIONAL,189.8,189.8,2025-09-10T15:25:29.680358Z,,,,,,,,1757517929718,0,0
RUMBLE_STRIP,-1.26024112,36.71987053,USER,true,ONE_WAY,272.7,272.7,2025-09-11T14:48:45.639533Z,,,,,,,,1757602125674,0,0
SPEED_BUMP,-1.26027652,36.71946043,USER,true,ONE_WAY,260.6,260.6,2025-09-11T14:48:52.206683Z,,,,,,,,1757602132244,0,0
SPEED_BUMP,-1.257595,36.80125192,USER,true,BIDIRECTIONAL,333.0,333.0,2025-09-12T07:53:03.246535Z,,,,,,,,1757663583279,0,0
SPEED_BUMP,-1.25616124,36.79886563,USER,true,BIDIRECTIONAL,288.7,288.7,2025-09-12T07:53:47.503332Z,,,,,,,,1757663627523,0,0
SPEED_BUMP,-1.25533622,36.79899075,USER,true,BIDIRECTIONAL,101.1,101.1,2025-09-12T07:54:30.351160Z,,,,,,,,1757663670390,0,0
SPEED_BUMP,-1.25570072,36.80004543,USER,true,BIDIRECTIONAL,113.6,113.6,2025-09-12T07:54:46.487804Z,,,,,,,,1757663686518,0,0
SPEED_BUMP,-1.25485946,36.80193944,USER,true,BIDIRECTIONAL,290.4,290.4,2025-09-12T07:56:16.317671Z,,,,,,,,1757663776355,0,0
POTHOLE,-1.25178451,36.79419415,USER,true,ONE_WAY,291.7,291.7,2025-09-12T07:57:45.785266Z,,,,,,,,1757663865806,0,0
SPEED_BUMP,-1.25175106,36.79410376,USER,true,BIDIRECTIONAL,291.9,291.9,2025-09-12T07:57:52.134512Z,,,,,,,,1757663872171,0,0
POTHOLE,-1.25145895,36.7932004,USER,true,ONE_WAY,221.8,221.8,2025-09-12T07:58:17.702037Z,,,,,,,,1757663897727,0,0
SPEED_BUMP,-1.25175298,36.79310484,USER,true,BIDIRECTIONAL,202.2,202.2,2025-09-12T07:58:26.667828Z,,,,,,,,1757663906715,0,0
SPEED_BUMP,-1.2524618,36.79282423,USER,true,BIDIRECTIONAL,202.5,202.5,2025-09-12T07:58:42.689085Z,,,,,,,,1757663922729,0,0
SPEED_BUMP,-1.2529716,36.79261326,USER,true,BIDIRECTIONAL,200.8,200.8,2025-09-12T07:58:53.672487Z,,,,,,,,1757663933696,0,0
SPEED_BUMP,-1.25336193,36.79247165,USER,true,BIDIRECTIONAL,203.1,203.1,2025-09-12T07:59:03.773815Z,,,,,,,,1757663943810,0,0
POTHOLE,-1.25363437,36.79234683,USER,true,BIDIRECTIONAL,207.2,207.2,2025-09-12T07:59:15.167693Z,,,,,,,,1757663955208,0,0
SPEED_BUMP,-1.25580241,36.79744899,USER,true,BIDIRECTIONAL,270.2,270.2,2025-09-12T08:05:57.420056Z,,,,,,,,1757664357459,0,0
POTHOLE,-1.2558438,36.79707237,USER,true,BIDIRECTIONAL,267.8,267.8,2025-09-12T08:06:05.136701Z,,,,,,,,1757664365173,0,0
SPEED_BUMP,-1.25593585,36.79579951,USER,true,BIDIRECTIONAL,262.2,262.2,2025-09-12T08:06:33.734249Z,,,,,,,,1757664393773,0,0
SPEED_BUMP,-1.25669793,36.79062724,USER,true,BIDIRECTIONAL,259.1,259.1,2025-09-12T08:07:45.703218Z,,,,,,,,1757664465729,0,0
SPEED_BUMP,-1.25676421,36.79034462,USER,true,BIDIRECTIONAL,258.5,258.5,2025-09-12T08:07:52.483489Z,,,,,,,,1757664472520,0,0
SPEED_BUMP,-1.25715759,36.78873654,USER,true,BIDIRECTIONAL,257.5,257.5,2025-09-12T08:08:15.073044Z,,,,,,,,1757664495102,0,0
POTHOLE,-1.25614369,36.79199969,USER,true,ONE_WAY,71.4,71.4,2025-09-12T14:36:18.443028Z,,,,,,,,1757687778474,0,0
SPEED_BUMP,-1.2559874,36.79418352,USER,true,BIDIRECTIONAL,88.2,88.2,2025-09-12T14:36:49.783315Z,,,,,,,,1757687809820,0,0
SPEED_BUMP,-1.25695234,36.80231946,USER,true,ONE_WAY,125.2,125.2,2025-09-12T14:42:06.723669Z,,,,,,,,1757688126753,0,0
SPEED_BUMP,-1.25741229,36.80302836,USER,true,ONE_WAY,122.4,122.4,2025-09-12T14:42:30.563447Z,,,,,,,,1757688150589,0,0
SPEED_BUMP,-1.39079172,36.9377119,USER,true,ONE_WAY,145.6,145.6,2025-09-13T09:40:38.682015Z,,,,,,,,1757756438723,0,0
SPEED_BUMP,-1.40171257,36.94414005,USER,true,ONE_WAY,154.2,154.2,2025-09-13T09:42:30.085606Z,,,,,,,,1757756550130,0,0
SPEED_BUMP,-1.40228393,36.94445865,USER,true,ONE_WAY,152.0,152.0,2025-09-13T09:42:40.263052Z,,,,,,,,1757756560306,0,0
RUMBLE_STRIP,-1.45739977,37.00503235,USER,true,ONE_WAY,137.0,137.0,2025-09-13T10:14:40.093363Z,,,,,,,,1757758480135,0,0
RUMBLE_STRIP,-1.53021646,37.12923681,USER,true,BIDIRECTIONAL,123.5,123.5,2025-09-13T10:28:18.103100Z,,,,,,,,1757759298139,0,0
RUMBLE_STRIP,-1.53065753,37.12986997,USER,true,BIDIRECTIONAL,126.7,126.7,2025-09-13T10:28:50.497602Z,,,,,,,,1757759330539,0,0
SPEED_BUMP,-1.53123041,37.13055587,USER,true,BIDIRECTIONAL,132.2,132.2,2025-09-13T10:29:07.538694Z,,,,,,,,1757759347575,0,0
SPEED_BUMP,-1.53147929,37.13081245,USER,true,BIDIRECTIONAL,135.0,135.0,2025-09-13T10:29:14.241856Z,,,,,,,,1757759354291,0,0
RUMBLE_STRIP,-1.53191669,37.13122428,USER,true,BIDIRECTIONAL,137.9,137.9,2025-09-13T10:29:22.542426Z,,,,,,,,1757759362584,0,0
RUMBLE_STRIP,-1.53238074,37.1316491,USER,true,BIDIRECTIONAL,139.8,139.8,2025-09-13T10:29:36.626311Z,,,,,,,,1757759376678,0,0
RUMBLE_STRIP,-1.53448264,37.17360107,USER,true,BIDIRECTIONAL,118.0,118.0,2025-09-13T10:33:57.766389Z,,,,,,,,1757759637803,0,0
SPEED_BUMP,-1.53466747,37.17394654,USER,true,BIDIRECTIONAL,117.2,117.2,2025-09-13T10:34:02.828237Z,,,,,,,,1757759642872,0,0
RUMBLE_STRIP,-1.53489474,37.17440109,USER,true,BIDIRECTIONAL,115.4,115.4,2025-09-13T10:34:09.944057Z,,,,,,,,1757759649989,0,0
RUMBLE_STRIP,-1.53514483,37.17493957,USER,true,BIDIRECTIONAL,114.5,114.5,2025-09-13T10:34:15.082243Z,,,,,,,,1757759655123,0,0
SPEED_BUMP,-1.5356296,37.17610126,USER,true,BIDIRECTIONAL,111.6,111.6,2025-09-13T10:34:27.951717Z,,,,,,,,1757759667994,0,0
SPEED_BUMP,-1.53651802,37.17793327,USER,true,BIDIRECTIONAL,117.3,117.3,2025-09-13T10:34:46.025927Z,,,,,,,,1757759686072,0,0
RUMBLE_STRIP,-1.5370701,37.17903537,USER,true,BIDIRECTIONAL,113.7,113.7,2025-09-13T10:34:57.584265Z,,,,,,,,1757759697631,0,0
RUMBLE_STRIP,-1.5357551,37.19196994,USER,true,BIDIRECTIONAL,46.3,46.3,2025-09-13T10:36:37.375457Z,,,,,,,,1757759797429,0,0
RUMBLE_STRIP,-1.53550159,37.192231,USER,true,BIDIRECTIONAL,46.2,46.2,2025-09-13T10:36:52.341739Z,,,,,,,,1757759812391,0,0
SPEED_BUMP,-1.53546334,37.19227154,USER,true,BIDIRECTIONAL,46.1,46.1,2025-09-13T10:36:56.124849Z,,,,,,,,1757759816178,0,0
SPEED_BUMP,-1.53502065,37.19272543,USER,true,BIDIRECTIONAL,45.6,45.6,2025-09-13T10:37:08.590208Z,,,,,,,,1757759828651,0,0
SPEED_BUMP,-1.5344851,37.1934206,USER,true,BIDIRECTIONAL,58.7,58.7,2025-09-13T10:37:22.992283Z,,,,,,,,1757759843044,0,0
RUMBLE_STRIP,-1.53425209,37.19387346,USER,true,BIDIRECTIONAL,65.7,65.7,2025-09-13T10:37:32.495340Z,,,,,,,,1757759852548,0,0
RUMBLE_STRIP,-1.52450033,37.21348498,USER,true,BIDIRECTIONAL,59.9,59.9,2025-09-13T10:40:59.058546Z,,,,,,,,1757760059107,0,0
SPEED_BUMP,-1.52412225,37.21434292,USER,true,BIDIRECTIONAL,70.8,70.8,2025-09-13T10:41:10.991467Z,,,,,,,,1757760071046,0,0
RUMBLE_STRIP,-1.52389963,37.21498605,USER,true,BIDIRECTIONAL,71.0,71.0,2025-09-13T10:41:20.352520Z,,,,,,,,1757760080410,0,0
RUMBLE_STRIP,-1.52370001,37.21557351,USER,true,BIDIRECTIONAL,71.4,71.4,2025-09-13T10:41:27.683776Z,,,,,,,,1757760087737,0,0
RUMBLE_STRIP,-1.52345149,37.21629237,USER,true,BIDIRECTIONAL,71.7,71.7,2025-09-13T10:41:36.352993Z,,,,,,,,1757760096412,0,0
RUMBLE_STRIP,-1.52215021,37.22009897,USER,true,BIDIRECTIONAL,72.2,72.2,2025-09-13T10:42:15.559342Z,,,,,,,,1757760135621,0,0
RUMBLE_STRIP,-1.52194512,37.22070185,USER,true,BIDIRECTIONAL,71.0,71.0,2025-09-13T10:42:31.274982Z,,,,,,,,1757760151331,0,0
SPEED_BUMP,-1.52179254,37.22115145,USER,true,BIDIRECTIONAL,71.9,71.9,2025-09-13T10:42:40.666983Z,,,,,,,,1757760160723,0,0
SPEED_BUMP,-1.5214977,37.22202124,USER,true,BIDIRECTIONAL,71.0,71.0,2025-09-13T10:42:54.463188Z,,,,,,,,1757760174516,0,0
SPEED_BUMP,-1.52058529,37.22480289,USER,true,BIDIRECTIONAL,78.2,78.2,2025-09-13T10:43:28.028237Z,,,,,,,,1757760208090,0,0
RUMBLE_STRIP,-1.52050357,37.22519789,USER,true,BIDIRECTIONAL,78.4,78.4,2025-09-13T10:43:35.255870Z,,,,,,,,1757760215311,0,0
RUMBLE_STRIP,-1.52039029,37.2258073,USER,true,BIDIRECTIONAL,79.0,79.0,2025-09-13T10:43:42.375857Z,,,,,,,,1757760222433,0,0
RUMBLE_STRIP,-1.52020273,37.22679085,USER,true,BIDIRECTIONAL,78.8,78.8,2025-09-13T10:43:53.864227Z,,,,,,,,1757760233920,0,0
RUMBLE_STRIP,-1.52040318,37.23260023,USER,true,BIDIRECTIONAL,97.2,97.2,2025-09-13T10:44:46.719957Z,,,,,,,,1757760286776,0,0
RUMBLE_STRIP,-1.5204863,37.23357212,USER,true,BIDIRECTIONAL,91.7,91.7,2025-09-13T10:45:01.568381Z,,,,,,,,1757760301628,0,0
RUMBLE_STRIP,-1.52049206,37.23400298,USER,true,BIDIRECTIONAL,90.0,90.0,2025-09-13T10:45:11.159993Z,,,,,,,,1757760311219,0,0
SPEED_BUMP,-1.52049455,37.23443158,USER,true,BIDIRECTIONAL,90.3,90.3,2025-09-13T10:45:19.091591Z,,,,,,,,1757760319153,0,0
SPEED_BUMP,-1.52046317,37.23674929,USER,true,BIDIRECTIONAL,85.7,85.7,2025-09-13T10:45:51.542154Z,,,,,,,,1757760351605,0,0
SPEED_BUMP,-1.52006383,37.23982452,USER,true,BIDIRECTIONAL,81.0,81.0,2025-09-13T10:46:37.203543Z,,,,,,,,1757760397266,0,0
SPEED_BUMP,-1.51979074,37.24198266,USER,true,BIDIRECTIONAL,83.3,83.3,2025-09-13T10:47:07.992453Z,,,,,,,,1757760428051,0,0
SPEED_BUMP,-1.51951052,37.24421034,USER,true,BIDIRECTIONAL,83.8,83.8,2025-09-13T10:47:42.375693Z,,,,,,,,1757760462438,0,0
RUMBLE_STRIP,-1.51945609,37.24466136,USER,true,BIDIRECTIONAL,83.9,83.9,2025-09-13T10:47:50.542746Z,,,,,,,,1757760470599,0,0
RUMBLE_STRIP,-1.51940999,37.24500066,USER,true,BIDIRECTIONAL,81.8,81.8,2025-09-13T10:47:54.752826Z,,,,,,,,1757760474815,0,0
RUMBLE_STRIP,-1.51936592,37.24535858,USER,true,BIDIRECTIONAL,83.8,83.8,2025-09-13T10:47:59.347249Z,,,,,,,,1757760479407,0,0
RUMBLE_STRIP,-1.51939271,37.24784413,USER,true,BIDIRECTIONAL,90.6,90.6,2025-09-13T10:48:31.525260Z,,,,,,,,1757760511590,0,0
RUMBLE_STRIP,-1.5193909,37.24821753,USER,true,BIDIRECTIONAL,87.0,87.0,2025-09-13T10:48:39.898854Z,,,,,,,,1757760519957,0,0
SPEED_BUMP,-1.51935476,37.24873947,USER,true,BIDIRECTIONAL,84.4,84.4,2025-09-13T10:48:51.260490Z,,,,,,,,1757760531323,0,0
SPEED_BUMP,-1.51901062,37.25151536,USER,true,BIDIRECTIONAL,80.3,80.3,2025-09-13T10:49:35.936962Z,,,,,,,,1757760576008,0,0
SPEED_BUMP,-1.5187262,37.25318962,USER,true,BIDIRECTIONAL,80.4,80.4,2025-09-13T10:49:58.342635Z,,,,,,,,1757760598407,0,0
SPEED_BUMP,-1.51858095,37.25408551,USER,true,BIDIRECTIONAL,81.7,81.7,2025-09-13T10:50:15.408805Z,,,,,,,,1757760615474,0,0
SPEED_BUMP,-1.51813873,37.25675433,USER,true,BIDIRECTIONAL,81.5,81.5,2025-09-13T10:50:56.746839Z,,,,,,,,1757760656809,0,0
RUMBLE_STRIP,-1.51804671,37.2572862,USER,true,BIDIRECTIONAL,79.3,79.3,2025-09-13T10:51:05.826189Z,,,,,,,,1757760665886,0,0
RUMBLE_STRIP,-1.51799097,37.25765401,USER,true,ONE_WAY,79.4,79.4,2025-09-13T10:51:12.159988Z,,,,,,,,1757760672226,0,0
RUMBLE_STRIP,-1.51792592,37.25804773,USER,true,BIDIRECTIONAL,80.4,80.4,2025-09-13T10:51:18.242299Z,,,,,,,,1757760678307,0,0
SPEED_BUMP,-1.51743296,37.26195909,USER,true,BIDIRECTIONAL,89.7,89.7,2025-09-13T10:52:06.809420Z,,,,,,,,1757760726873,0,0
SPEED_BUMP,-1.5179334,37.26371099,USER,true,BIDIRECTIONAL,128.4,128.4,2025-09-13T10:52:47.186025Z,,,,,,,,1757760767245,0,0
RUMBLE_STRIP,-1.5185563,37.26449177,USER,true,BIDIRECTIONAL,124.7,124.7,2025-09-13T10:53:04.338267Z,,,,,,,,1757760784407,0,0
RUMBLE_STRIP,-1.51898276,37.26503871,USER,true,BIDIRECTIONAL,126.1,126.1,2025-09-13T10:53:14.777777Z,,,,,,,,1757760794845,0,0
RUMBLE_STRIP,-1.51934862,37.26570333,USER,true,BIDIRECTIONAL,115.3,115.3,2025-09-13T10:53:24.770751Z,,,,,,,,1757760804846,0,0
RUMBLE_STRIP,-1.52100714,37.26673914,USER,true,BIDIRECTIONAL,203.0,203.0,2025-09-13T10:54:07.009019Z,,,,,,,,1757760847075,0,0
RUMBLE_STRIP,-1.52181808,37.26643824,USER,true,BIDIRECTIONAL,199.7,199.7,2025-09-13T10:54:26.209865Z,,,,,,,,1757760866276,0,0
SPEED_BUMP,-1.52225348,37.26626722,USER,true,BIDIRECTIONAL,201.5,201.5,2025-09-13T10:54:34.494397Z,,,,,,,,1757760874559,0,0
RUMBLE_STRIP,-1.52261248,37.2661299,USER,true,BIDIRECTIONAL,200.0,200.0,2025-09-13T10:54:43.075439Z,,,,,,,,1757760883144,0,0
SPEED_BUMP,-1.52445479,37.26544928,USER,true,BIDIRECTIONAL,200.7,200.7,2025-09-13T10:55:20.258090Z,,,,,,,,1757760920325,0,0
SPEED_BUMP,-1.52600891,37.26486275,USER,true,BIDIRECTIONAL,201.8,201.8,2025-09-13T10:55:41.969683Z,,,,,,,,1757760942035,0,0
SPEED_BUMP,-1.52756181,37.26427154,USER,true,BIDIRECTIONAL,199.8,199.8,2025-09-13T10:56:04.392034Z,,,,,,,,1757760964463,0,0
RUMBLE_STRIP,-1.52846049,37.26393967,USER,true,BIDIRECTIONAL,200.7,200.7,2025-09-13T10:56:18.490226Z,,,,,,,,1757760978558,0,0
RUMBLE_STRIP,-1.52906043,37.26371348,USER,true,BIDIRECTIONAL,200.6,200.6,2025-09-13T10:56:40.750555Z,,,,,,,,1757761000818,0,0
SPEED_BUMP,-1.53075392,37.26310183,USER,true,BIDIRECTIONAL,202.2,202.2,2025-09-13T12:05:40.126756Z,,,,,,,,1757765140181,0,0
SPEED_BUMP,-1.53112131,37.26304553,USER,true,BIDIRECTIONAL,173.4,173.4,2025-09-13T12:24:48.514145Z,,,,,,,,1757766288554,0,0
RUMBLE_STRIP,-1.53159506,37.26301318,USER,true,BIDIRECTIONAL,178.0,178.0,2025-09-13T12:25:01.955648Z,,,,,,,,1757766302024,0,0
RUMBLE_STRIP,-1.53212675,37.26303644,USER,true,BIDIRECTIONAL,176.6,176.6,2025-09-13T12:25:12.825448Z,,,,,,,,1757766312893,0,0
SPEED_BUMP,-1.53316973,37.26309377,USER,true,BIDIRECTIONAL,179.2,179.2,2025-09-13T12:25:32.290691Z,,,,,,,,1757766332362,0,0
SPEED_BUMP,-1.53499426,37.26244159,USER,true,BIDIRECTIONAL,218.1,218.1,2025-09-13T12:25:59.128630Z,,,,,,,,1757766359192,0,0
RUMBLE_STRIP,-1.51708022,37.26420536,USER,true,BIDIRECTIONAL,352.8,352.8,2025-09-13T12:32:54.439426Z,,,,,,,,1757766774507,0,0
RUMBLE_STRIP,-1.51671825,37.26418848,USER,true,BIDIRECTIONAL,358.8,358.8,2025-09-13T12:33:00.553776Z,,,,,,,,1757766780624,0,0
SPEED_BUMP,-1.51265636,37.2650721,USER,true,BIDIRECTIONAL,14.9,14.9,2025-09-13T12:33:38.890096Z,,,,,,,,1757766818961,0,0
SPEED_BUMP,-1.51112071,37.26523609,USER,true,BIDIRECTIONAL,359.9,359.9,2025-09-13T12:33:58.393807Z,,,,,,,,1757766838468,0,0
RUMBLE_STRIP,-1.51035758,37.26522878,USER,true,BIDIRECTIONAL,358.9,358.9,2025-09-13T12:34:08.560328Z,,,,,,,,1757766848630,0,0
RUMBLE_STRIP,-1.50576006,37.26475488,USER,true,BIDIRECTIONAL,351.5,351.5,2025-09-13T12:34:44.238095Z,,,,,,,,1757766884308,0,0
SPEED_BUMP,-1.5051825,37.26466646,USER,true,BIDIRECTIONAL,350.2,350.2,2025-09-13T12:34:51.119730Z,,,,,,,,1757766891193,0,0
SPEED_BUMP,-1.50272231,37.26430133,USER,true,BIDIRECTIONAL,345.4,345.4,2025-09-13T12:35:21.322501Z,,,,,,,,1757766921394,0,0
RUMBLE_STRIP,-1.50211795,37.26408136,USER,true,BIDIRECTIONAL,335.4,335.4,2025-09-13T12:35:28.047928Z,,,,,,,,1757766928118,0,0
RUMBLE_STRIP,-1.4986446,37.26206581,USER,true,BIDIRECTIONAL,339.0,339.0,2025-09-13T12:35:58.899879Z,,,,,,,,1757766958973,0,0
SPEED_BUMP,-1.49784231,37.26177491,USER,true,BIDIRECTIONAL,342.7,342.7,2025-09-13T12:36:06.306490Z,,,,,,,,1757766966385,0,0
SPEED_BUMP,-1.49578848,37.26143679,USER,true,BIDIRECTIONAL,357.3,357.3,2025-09-13T12:36:28.707009Z,,,,,,,,1757766988783,0,0
SPEED_BUMP,-1.49339625,37.26179043,USER,true,BIDIRECTIONAL,16.4,16.4,2025-09-13T12:36:54.370121Z,,,,,,,,1757767014445,0,0
RUMBLE_STRIP,-1.49294446,37.26192984,USER,true,BIDIRECTIONAL,17.8,17.8,2025-09-13T12:37:03.276350Z,,,,,,,,1757767023351,0,0
RUMBLE_STRIP,-1.49245286,37.2620736,USER,true,BIDIRECTIONAL,17.2,17.2,2025-09-13T12:37:07.705638Z,,,,,,,,1757767027778,0,0
RUMBLE_STRIP,-1.49188979,37.26225057,USER,true,BIDIRECTIONAL,17.9,17.9,2025-09-13T12:37:14.705479Z,,,,,,,,1757767034781,0,0
SPEED_BUMP,-1.49116987,37.26247628,USER,true,BIDIRECTIONAL,14.9,14.9,2025-09-13T12:37:23.006366Z,,,,,,,,1757767043083,0,0
SPEED_BUMP,-1.48964855,37.26280235,USER,true,BIDIRECTIONAL,3.1,3.1,2025-09-13T12:37:44.384889Z,,,,,,,,1757767064463,0,0
SPEED_BUMP,-1.48796753,37.2624617,USER,true,BIDIRECTIONAL,338.6,338.6,2025-09-13T12:38:06.464292Z,,,,,,,,1757767086541,0,0
SPEED_BUMP,-1.48682498,37.26195965,USER,true,ONE_WAY,332.1,332.1,2025-09-13T12:38:20.057114Z,,,,,,,,1757767100137,0,0
SPEED_BUMP,-1.48585495,37.26140495,USER,true,BIDIRECTIONAL,328.5,328.5,2025-09-13T12:38:31.950Z,,,,,,,,1757767112025,0,0
RUMBLE_STRIP,-1.48549267,37.26118615,USER,true,BIDIRECTIONAL,330.0,330.0,2025-09-13T12:38:38.923629Z,,,,,,,,1757767118999,0,0
RUMBLE_STRIP,-1.48032946,37.2581648,USER,true,BIDIRECTIONAL,330.1,330.1,2025-09-13T12:39:21.126321Z,,,,,,,,1757767161204,0,0
SPEED_BUMP,-1.47966637,37.25775458,USER,true,BIDIRECTIONAL,328.7,328.7,2025-09-13T12:39:27.644577Z,,,,,,,,1757767167720,0,0
SPEED_BUMP,-1.47772121,37.25663426,USER,true,BIDIRECTIONAL,332.8,332.8,2025-09-13T12:39:51.322839Z,,,,,,,,1757767191407,0,0
SPEED_BUMP,-1.47507633,37.25552882,USER,true,BIDIRECTIONAL,338.7,338.7,2025-09-13T12:40:19.840255Z,,,,,,,,1757767219916,0,0
RUMBLE_STRIP,-1.47433172,37.25523545,USER,true,BIDIRECTIONAL,339.1,339.1,2025-09-13T12:40:29.693026Z,,,,,,,,1757767229801,0,0
POTHOLE,-1.47380337,37.25500955,USER,true,ONE_WAY,336.9,336.9,2025-09-13T12:40:36.740119Z,,,,,,,,1757767236817,0,0
POTHOLE,-1.47202514,37.25430433,USER,true,BIDIRECTIONAL,337.7,337.7,2025-09-13T12:40:51.575074Z,,,,,,,,1757767251650,0,0
POTHOLE,-1.46987595,37.25298698,USER,true,ONE_WAY,324.7,324.7,2025-09-13T12:41:13.089529Z,,,,,,,,1757767273169,0,0
POTHOLE,-1.46934335,37.25261872,USER,true,ONE_WAY,325.5,325.5,2025-09-13T12:41:18.157256Z,,,,,,,,1757767278237,0,0
RUMBLE_STRIP,-1.46196094,37.25052018,USER,true,BIDIRECTIONAL,11.1,11.1,2025-09-13T12:42:19.633780Z,,,,,,,,1757767339717,0,0
RUMBLE_STRIP,-1.46151085,37.25060905,USER,true,BIDIRECTIONAL,10.3,10.3,2025-09-13T12:42:25.122055Z,,,,,,,,1757767345200,0,0
SPEED_BUMP,-1.46090545,37.25071402,USER,true,BIDIRECTIONAL,8.4,8.4,2025-09-13T12:42:31.092266Z,,,,,,,,1757767351171,0,0
SPEED_BUMP,-1.45892564,37.25053252,USER,true,BIDIRECTIONAL,339.8,339.8,2025-09-13T12:42:51.686505Z,,,,,,,,1757767371769,0,0
RUMBLE_STRIP,-1.45828268,37.25028148,USER,true,BIDIRECTIONAL,336.2,336.2,2025-09-13T12:43:01.778548Z,,,,,,,,1757767381858,0,0
RUMBLE_STRIP,-1.45792191,37.25012656,USER,true,BIDIRECTIONAL,337.3,337.3,2025-09-13T12:43:06.806299Z,,,,,,,,1757767386885,0,0
RUMBLE_STRIP,-1.45752595,37.24995777,USER,true,BIDIRECTIONAL,337.1,337.1,2025-09-13T12:43:10.921170Z,,,,,,,,1757767391000,0,0
SPEED_BUMP,-1.45722154,37.24982809,USER,true,BIDIRECTIONAL,337.2,337.2,2025-09-13T12:43:14.366748Z,,,,,,,,1757767394448,0,0
SPEED_BUMP,-1.45367789,37.24948108,USER,true,BIDIRECTIONAL,10.7,10.7,2025-09-13T12:43:55.568792Z,,,,,,,,1757767435650,0,0
SPEED_BUMP,-1.45106679,37.24885194,USER,true,BIDIRECTIONAL,318.8,318.8,2025-09-13T12:44:26.718410Z,,,,,,,,1757767466797,0,0
RUMBLE_STRIP,-1.45067076,37.24848708,USER,true,BIDIRECTIONAL,317.2,317.2,2025-09-13T12:44:34.352770Z,,,,,,,,1757767474437,0,0
RUMBLE_STRIP,-1.45038095,37.24822324,USER,true,BIDIRECTIONAL,316.7,316.7,2025-09-13T12:44:38.889353Z,,,,,,,,1757767478974,0,0
RUMBLE_STRIP,-1.44988276,37.24776725,USER,true,BIDIRECTIONAL,318.4,318.4,2025-09-13T12:44:43.653873Z,,,,,,,,1757767483741,0,0
RUMBLE_STRIP,-1.44954863,37.24746177,USER,true,BIDIRECTIONAL,317.1,317.1,2025-09-13T12:44:49.268430Z,,,,,,,,1757767489356,0,0
RUMBLE_STRIP,-1.44915834,37.2471017,USER,true,BIDIRECTIONAL,316.4,316.4,2025-09-13T12:44:55.155964Z,,,,,,,,1757767495238,0,0
SPEED_BUMP,-1.44859897,37.24658319,USER,true,BIDIRECTIONAL,316.8,316.8,2025-09-13T12:45:06.857083Z,,,,,,,,1757767506939,0,0
SPEED_BUMP,-1.44723966,37.24535369,USER,true,BIDIRECTIONAL,317.8,317.8,2025-09-13T12:45:26.038163Z,,,,,,,,1757767526121,0,0
POTHOLE,-1.44686745,37.24501552,USER,true,ONE_WAY,317.8,317.8,2025-09-13T12:45:33.565924Z,,,,,,,,1757767533648,0,0
RUMBLE_STRIP,-1.44665234,37.24482202,USER,true,BIDIRECTIONAL,318.7,318.7,2025-09-13T12:45:38.006120Z,,,,,,,,1757767538091,0,0
RUMBLE_STRIP,-1.43440072,37.24505439,USER,true,BIDIRECTIONAL,336.0,336.0,2025-09-13T12:47:49.592041Z,,,,,,,,1757767669675,0,0
RUMBLE_STRIP,-1.43391668,37.24480982,USER,true,BIDIRECTIONAL,332.7,332.7,2025-09-13T12:47:54.171827Z,,,,,,,,1757767674258,0,0
POTHOLE,-1.42687,37.23433731,USER,true,ONE_WAY,334.3,334.3,2025-09-13T12:50:50.755433Z,,,,,,,,1757767850856,0,0
RUMBLE_STRIP,-1.42576361,37.23360105,USER,true,BIDIRECTIONAL,314.5,314.5,2025-09-13T12:51:01.291268Z,,,,,,,,1757767861379,0,0
RUMBLE_STRIP,-1.42546345,37.23328718,USER,true,BIDIRECTIONAL,313.2,313.2,2025-09-13T12:51:05.123057Z,,,,,,,,1757767865209,0,0
SPEED_BUMP,-1.42514693,37.23294477,USER,true,BIDIRECTIONAL,312.8,312.8,2025-09-13T12:51:09.863262Z,,,,,,,,1757767869962,0,0
SPEED_BUMP,-1.42336551,37.23245779,USER,true,BIDIRECTIONAL,12.9,12.9,2025-09-13T12:51:34.390614Z,,,,,,,,1757767894480,0,0
RUMBLE_STRIP,-1.42305214,37.23252277,USER,true,BIDIRECTIONAL,11.6,11.6,2025-09-13T12:51:38.846894Z,,,,,,,,1757767898952,0,0
RUMBLE_STRIP,-1.42264665,37.2326166,USER,true,BIDIRECTIONAL,14.4,14.4,2025-09-13T12:51:42.590377Z,,,,,,,,1757767902678,0,0
POTHOLE,-1.41796024,37.23292246,USER,true,ONE_WAY,318.5,318.5,2025-09-13T12:52:19.089364Z,,,,,,,,1757767939180,0,0
POTHOLE,-1.41694166,37.23207388,USER,true,BIDIRECTIONAL,320.7,320.7,2025-09-13T12:52:27.657468Z,,,,,,,,1757767947740,0,0
POTHOLE,-1.41648774,37.23169569,USER,true,BIDIRECTIONAL,320.5,320.5,2025-09-13T12:52:32.438707Z,,,,,,,,1757767952525,0,0
POTHOLE,-1.41484593,37.23035127,USER,true,BIDIRECTIONAL,323.2,323.2,2025-09-13T12:52:45.633029Z,,,,,,,,1757767965730,0,0
RUMBLE_STRIP,-1.41444684,37.2301115,USER,true,BIDIRECTIONAL,335.0,335.0,2025-09-13T12:52:49.797241Z,,,,,,,,1757767969889,0,0
POTHOLE,-1.41316364,37.23025457,USER,true,BIDIRECTIONAL,355.6,355.6,2025-09-13T12:53:02.440232Z,,,,,,,,1757767982585,0,0
POTHOLE,-1.41264119,37.22979783,USER,true,BIDIRECTIONAL,301.9,301.9,2025-09-13T12:53:10.659780Z,,,,,,,,1757767990759,0,0
RUMBLE_STRIP,-1.41151267,37.22910534,USER,true,BIDIRECTIONAL,339.0,339.0,2025-09-13T12:53:21.911764Z,,,,,,,,1757768002000,0,0
RUMBLE_STRIP,-1.41017895,37.22865126,USER,true,BIDIRECTIONAL,315.3,315.3,2025-09-13T12:53:33.718066Z,,,,,,,,1757768013817,0,0
POTHOLE,-1.40985947,37.22830646,USER,true,BIDIRECTIONAL,315.5,315.5,2025-09-13T12:53:37.587257Z,,,,,,,,1757768017683,0,0
POTHOLE,-1.40813326,37.22767293,USER,true,BIDIRECTIONAL,346.7,346.7,2025-09-13T12:53:52.385100Z,,,,,,,,1757768032473,0,0
RUMBLE_STRIP,-1.40566477,37.22614031,USER,true,BIDIRECTIONAL,300.1,300.1,2025-09-13T12:54:22.195211Z,,,,,,,,1757768062290,0,0
SPEED_BUMP,-1.40520541,37.22539654,USER,true,BIDIRECTIONAL,307.7,307.7,2025-09-13T12:54:29.600244Z,,,,,,,,1757768069691,0,0
SPEED_BUMP,-1.40411776,37.22494164,USER,true,BIDIRECTIONAL,23.8,23.8,2025-09-13T12:54:43.861047Z,,,,,,,,1757768084016,0,0
POTHOLE,-1.40249906,37.22734395,USER,true,BIDIRECTIONAL,37.1,37.1,2025-09-13T12:55:12.038966Z,,,,,,,,1757768112131,0,0
SPEED_BUMP,-1.40145954,37.22694832,USER,true,BIDIRECTIONAL,338.8,338.8,2025-09-13T12:55:24.302724Z,,,,,,,,1757768124404,0,0
RUMBLE_STRIP,-1.40100301,37.226778,USER,true,BIDIRECTIONAL,339.9,339.9,2025-09-13T12:55:30.839621Z,,,,,,,,1757768130938,0,0
RUMBLE_STRIP,-1.40060771,37.22664293,USER,true,BIDIRECTIONAL,342.4,342.4,2025-09-13T12:55:35.222880Z,,,,,,,,1757768135321,0,0
RUMBLE_STRIP,-1.39654956,37.23021637,USER,true,BIDIRECTIONAL,92.7,92.7,2025-09-13T12:56:17.928803Z,,,,,,,,1757768178022,0,0
RUMBLE_STRIP,-1.3965466,37.23080494,USER,true,BIDIRECTIONAL,81.2,81.2,2025-09-13T12:56:24.572981Z,,,,,,,,1757768184664,0,0
RUMBLE_STRIP,-1.39564483,37.23047573,USER,true,BIDIRECTIONAL,304.2,304.2,2025-09-13T12:56:39.892954Z,,,,,,,,1757768199990,0,0
RUMBLE_STRIP,-1.39537386,37.23010055,USER,true,BIDIRECTIONAL,308.4,308.4,2025-09-13T12:56:43.827729Z,,,,,,,,1757768203924,0,0
RUMBLE_STRIP,-1.39294928,37.22820198,USER,true,BIDIRECTIONAL,308.9,308.9,2025-09-13T12:57:03.792953Z,,,,,,,,1757768223888,0,0
RUMBLE_STRIP,-1.39091625,37.2259599,USER,true,BIDIRECTIONAL,293.3,293.3,2025-09-13T12:57:25.653905Z,,,,,,,,1757768245758,0,0
RUMBLE_STRIP,-1.38610224,37.22142238,USER,true,BIDIRECTIONAL,344.9,344.9,2025-09-13T12:58:07.650015Z,,,,,,,,1757768287731,0,0
RUMBLE_STRIP,-1.38539816,37.22122525,USER,true,BIDIRECTIONAL,344.4,344.4,2025-09-13T12:58:13.633314Z,,,,,,,,1757768293713,0,0
SPEED_BUMP,-1.38524842,37.22118204,USER,true,BIDIRECTIONAL,343.9,343.9,2025-09-13T12:58:16.820748Z,,,,,,,,1757768296895,0,0
SPEED_BUMP,-1.38355295,37.22085292,USER,true,ONE_WAY,356.7,356.7,2025-09-13T12:58:31.660415Z,,,,,,,,1757768311734,0,0
RUMBLE_STRIP,-1.38306046,37.22083174,USER,true,BIDIRECTIONAL,358.5,358.5,2025-09-13T12:58:38.295454Z,,,,,,,,1757768318371,0,0
RUMBLE_STRIP,-1.3824414,37.22080906,USER,true,BIDIRECTIONAL,358.4,358.4,2025-09-13T12:58:43.558867Z,,,,,,,,1757768323664,0,0
POTHOLE,-1.37346011,37.22073839,USER,true,ONE_WAY,328.0,328.0,2025-09-13T13:00:06.411022Z,,,,,,,,1757768406510,0,0
RUMBLE_STRIP,-1.34509468,37.21991229,USER,true,BIDIRECTIONAL,0.2,0.2,2025-09-13T13:03:13.338092Z,,,,,,,,1757768593421,0,0
SPEED_BUMP,-1.3445986,37.21990944,USER,true,BIDIRECTIONAL,1.9,1.9,2025-09-13T13:03:17.715975Z,,,,,,,,1757768597793,0,0
SPEED_BUMP,-1.34060399,37.21980141,USER,true,BIDIRECTIONAL,359.8,359.8,2025-09-13T13:03:53.726637Z,,,,,,,,1757768633793,0,0
RUMBLE_STRIP,-1.34012705,37.21978808,USER,true,BIDIRECTIONAL,357.2,357.2,2025-09-13T13:04:01.857588Z,,,,,,,,1757768641952,0,0
RUMBLE_STRIP,-1.33964673,37.21977533,USER,true,BIDIRECTIONAL,358.0,358.0,2025-09-13T13:04:10.172646Z,,,,,,,,1757768650250,0,0
POTHOLE,-1.32639133,37.21944661,USER,true,BIDIRECTIONAL,355.3,355.3,2025-09-13T13:05:53.626086Z,,,,,,,,1757768753718,0,0
POTHOLE,-1.32532602,37.21942043,USER,true,BIDIRECTIONAL,354.3,354.3,2025-09-13T13:06:16.077882Z,,,,,,,,1757768776158,0,0
RUMBLE_STRIP,-1.30583161,37.21892248,USER,true,BIDIRECTIONAL,357.2,357.2,2025-09-13T13:09:04.535212Z,,,,,,,,1757768944605,0,0
RUMBLE_STRIP,-1.29361729,37.21384005,USER,true,BIDIRECTIONAL,18.8,18.8,2025-09-13T16:10:55.651881Z,,,,,,,,1757779855728,0,0
RUMBLE_STRIP,-1.29311258,37.21400418,USER,true,BIDIRECTIONAL,23.6,23.6,2025-09-13T16:11:09.960856Z,,,,,,,,1757779870024,0,0
RUMBLE_STRIP,-1.29272284,37.21414991,USER,true,ONE_WAY,24.0,24.0,2025-09-13T16:11:20.405617Z,,,,,,,,1757779880473,0,0
SPEED_BUMP,-1.29238169,37.21430135,USER,true,BIDIRECTIONAL,26.0,26.0,2025-09-13T16:11:28.475599Z,,,,,,,,1757779888535,0,0
RUMBLE_STRIP,-1.29194445,37.21447732,USER,true,BIDIRECTIONAL,24.2,24.2,2025-09-13T16:11:38.792647Z,,,,,,,,1757779898866,0,0
RUMBLE_STRIP,-1.29152732,37.21462602,USER,true,BIDIRECTIONAL,23.4,23.4,2025-09-13T16:11:50.383433Z,,,,,,,,1757779910437,0,0
RUMBLE_STRIP,-1.29111418,37.21476077,USER,true,BIDIRECTIONAL,12.3,12.3,2025-09-13T16:12:02.872617Z,,,,,,,,1757779922922,0,0
RUMBLE_STRIP,-1.29071628,37.21378457,USER,true,BIDIRECTIONAL,280.9,280.9,2025-09-13T16:23:28.832797Z,,,,,,,,1757780608891,0,0
RUMBLE_STRIP,-1.29066906,37.21329296,USER,true,BIDIRECTIONAL,278.9,278.9,2025-09-13T16:23:42.022274Z,,,,,,,,1757780622085,0,0
RUMBLE_STRIP,-1.28604003,37.18482167,USER,true,BIDIRECTIONAL,276.2,276.2,2025-09-13T16:26:45.313273Z,,,,,,,,1757780805394,0,0
SPEED_BUMP,-1.28597666,37.18411353,USER,true,BIDIRECTIONAL,275.0,275.0,2025-09-13T16:26:53.093080Z,,,,,,,,1757780813154,0,0
SPEED_BUMP,-1.28592447,37.18351739,USER,true,BIDIRECTIONAL,276.3,276.3,2025-09-13T16:27:03.695562Z,,,,,,,,1757780823761,0,0
RUMBLE_STRIP,-1.2858468,37.18265858,USER,true,BIDIRECTIONAL,275.0,275.0,2025-09-13T16:27:14.852260Z,,,,,,,,1757780834931,0,0
RUMBLE_STRIP,-1.28577846,37.18183726,USER,true,BIDIRECTIONAL,274.0,274.0,2025-09-13T16:27:32.246399Z,,,,,,,,1757780852305,0,0
SPEED_BUMP,-1.27737083,37.13846132,USER,true,BIDIRECTIONAL,278.3,278.3,2025-09-13T16:36:09.630854Z,,,,,,,,1757781369688,0,0
RUMBLE_STRIP,-1.2771018,37.11963202,USER,true,BIDIRECTIONAL,265.5,265.5,2025-09-13T16:39:08.439920Z,,,,,,,,1757781548494,0,0
RUMBLE_STRIP,-1.2771775,37.11892941,USER,true,BIDIRECTIONAL,263.4,263.4,2025-09-13T16:39:19.572801Z,,,,,,,,1757781559640,0,0
RUMBLE_STRIP,-1.2772407,37.11846252,USER,true,BIDIRECTIONAL,261.4,261.4,2025-09-13T16:39:31.107363Z,,,,,,,,1757781571171,0,0
SPEED_BUMP,-1.27731472,37.11801421,USER,true,BIDIRECTIONAL,259.7,259.7,2025-09-13T16:39:40.441275Z,,,,,,,,1757781580512,0,0
RUMBLE_STRIP,-1.27738565,37.11761962,USER,true,BIDIRECTIONAL,259.2,259.2,2025-09-13T16:39:49.194519Z,,,,,,,,1757781589251,0,0
RUMBLE_STRIP,-1.27754753,37.11680373,USER,true,BIDIRECTIONAL,259.0,259.0,2025-09-13T16:40:05.129345Z,,,,,,,,1757781605195,0,0
RUMBLE_STRIP,-1.27777103,37.11588288,USER,true,BIDIRECTIONAL,256.0,256.0,2025-09-13T16:40:20.862266Z,,,,,,,,1757781620935,0,0
RUMBLE_STRIP,-1.28352532,37.10130754,USER,true,BIDIRECTIONAL,260.6,260.6,2025-09-13T16:42:58.426055Z,,,,,,,,1757781778478,0,0
RUMBLE_STRIP,-1.2836478,37.10041669,USER,true,BIDIRECTIONAL,262.6,262.6,2025-09-13T16:43:16.577177Z,,,,,,,,1757781796627,0,0
RUMBLE_STRIP,-1.28369452,37.10000462,USER,true,BIDIRECTIONAL,264.5,264.5,2025-09-13T16:43:26.129279Z,,,,,,,,1757781806198,0,0
SPEED_BUMP,-1.28373643,37.09951079,USER,true,BIDIRECTIONAL,265.3,265.3,2025-09-13T16:43:34.418928Z,,,,,,,,1757781814472,0,0
SPEED_BUMP,-1.28380938,37.09821313,USER,true,BIDIRECTIONAL,266.0,266.0,2025-09-13T16:45:12.729401Z,,,,,,,,1757781912804,0,0
SPEED_BUMP,-1.28382935,37.09789672,USER,true,BIDIRECTIONAL,267.3,267.3,2025-09-13T16:45:25.346461Z,,,,,,,,1757781925411,0,0
SPEED_BUMP,-1.28386777,37.09704772,USER,true,BIDIRECTIONAL,269.1,269.1,2025-09-13T16:46:44.985746Z,,,,,,,,1757782005052,0,0
SPEED_BUMP,-1.28392566,37.09612258,USER,true,BIDIRECTIONAL,265.9,265.9,2025-09-13T16:48:30.846053Z,,,,,,,,1757782110925,0,0
SPEED_BUMP,-1.28397546,37.09516218,USER,true,BIDIRECTIONAL,266.9,266.9,2025-09-13T16:49:10.349436Z,,,,,,,,1757782150419,0,0
SPEED_BUMP,-1.28405254,37.09387828,USER,true,BIDIRECTIONAL,267.6,267.6,2025-09-13T16:49:39.658186Z,,,,,,,,1757782179735,0,0
SPEED_BUMP,-1.28407886,37.0930607,USER,true,BIDIRECTIONAL,267.8,267.8,2025-09-13T16:49:58.613303Z,,,,,,,,1757782198676,0,0
SPEED_BUMP,-1.2840855,37.09248596,USER,true,BIDIRECTIONAL,269.8,269.8,2025-09-13T16:50:17.246329Z,,,,,,,,1757782217327,0,0
RUMBLE_STRIP,-1.28407254,37.09200845,USER,true,BIDIRECTIONAL,269.5,269.5,2025-09-13T16:50:35.930347Z,,,,,,,,1757782236006,0,0
RUMBLE_STRIP,-1.28402903,37.09116716,USER,true,BIDIRECTIONAL,274.0,274.0,2025-09-13T16:50:59.677571Z,,,,,,,,1757782259749,0,0
RUMBLE_STRIP,-1.28398929,37.09071434,USER,true,ONE_WAY,275.2,275.2,2025-09-13T16:51:07.896721Z,,,,,,,,1757782267967,0,0
SPEED_BUMP,-1.28272863,37.06720631,USER,true,BIDIRECTIONAL,269.5,269.5,2025-09-13T16:55:17.229159Z,,,,,,,,1757782517298,0,0
SPEED_BUMP,-1.28275944,37.06641051,USER,true,BIDIRECTIONAL,270.6,270.6,2025-09-13T16:55:30.993585Z,,,,,,,,1757782531063,0,0
SPEED_BUMP,-1.28274567,37.06564541,USER,true,BIDIRECTIONAL,270.5,270.5,2025-09-13T16:55:48.883075Z,,,,,,,,1757782548948,0,0
SPEED_BUMP,-1.28272632,37.06487678,USER,true,BIDIRECTIONAL,274.3,274.3,2025-09-13T16:56:00.598195Z,,,,,,,,1757782560655,0,0
SPEED_BUMP,-1.28261966,37.06374355,USER,true,BIDIRECTIONAL,275.5,275.5,2025-09-13T16:56:14.883060Z,,,,,,,,1757782574938,0,0
SPEED_BUMP,-1.27962798,37.04870287,USER,true,BIDIRECTIONAL,276.5,276.5,2025-09-13T16:58:29.746962Z,,,,,,,,1757782709829,0,0
SPEED_BUMP,-1.27939734,37.04638191,USER,true,BIDIRECTIONAL,275.5,275.5,2025-09-13T16:58:52.681302Z,,,,,,,,1757782732745,0,0
SPEED_BUMP,-1.2777567,37.02993035,USER,true,BIDIRECTIONAL,275.8,275.8,2025-09-13T17:01:57.265229Z,,,,,,,,1757782917340,0,0
SPEED_BUMP,-1.27603134,37.01136567,USER,true,BIDIRECTIONAL,274.7,274.7,2025-09-13T17:04:42.736690Z,,,,,,,,1757783082799,0,0
SPEED_BUMP,-1.27591672,37.01012046,USER,true,BIDIRECTIONAL,275.4,275.4,2025-09-13T17:05:12.930896Z,,,,,,,,1757783112997,0,0
SPEED_BUMP,-1.27553214,37.00599324,USER,true,BIDIRECTIONAL,275.5,275.5,2025-09-13T17:06:02.963189Z,,,,,,,,1757783163034,0,0
SPEED_BUMP,-1.27344614,37.00032326,USER,true,BIDIRECTIONAL,303.9,303.9,2025-09-13T17:08:03.610613Z,,,,,,,,1757783283679,0,0
SPEED_BUMP,-1.2677066,36.99081065,USER,true,BIDIRECTIONAL,300.6,300.6,2025-09-13T17:11:08.328661Z,,,,,,,,1757783468414,0,0
SPEED_BUMP,-1.26703424,36.98970651,USER,true,BIDIRECTIONAL,302.4,302.4,2025-09-13T17:11:27.496242Z,,,,,,,,1757783487581,0,0
SPEED_BUMP,-1.2653632,36.98641198,USER,true,BIDIRECTIONAL,291.3,291.3,2025-09-13T17:12:09.595268Z,,,,,,,,1757783529670,0,0
RUMBLE_STRIP,-1.26784003,36.979815,USER,true,ONE_WAY,221.6,221.6,2025-09-13T17:14:46.098809Z,,,,,,,,1757783686184,0,0
RUMBLE_STRIP,-1.26818174,36.97951446,USER,true,ONE_WAY,222.9,222.9,2025-09-13T17:14:51.929592Z,,,,,,,,1757783692019,0,0
SPEED_BUMP,-1.26848333,36.97924469,USER,true,ONE_WAY,222.2,222.2,2025-09-13T17:14:57.630105Z,,,,,,,,1757783697707,0,0
RUMBLE_STRIP,-1.27644237,36.97063203,USER,true,ONE_WAY,225.2,225.2,2025-09-13T17:16:25.314409Z,,,,,,,,1757783785440,0,0
RUMBLE_STRIP,-1.27686708,36.97021681,USER,true,ONE_WAY,223.5,223.5,2025-09-13T17:16:31.511722Z,,,,,,,,1757783791591,0,0
RUMBLE_STRIP,-1.27811701,36.96887972,USER,true,ONE_WAY,229.4,229.4,2025-09-13T17:17:01.894850Z,,,,,,,,1757783821977,0,0
SPEED_BUMP,-1.27832777,36.96860738,USER,true,ONE_WAY,233.4,233.4,2025-09-13T17:17:17.301638Z,,,,,,,,1757783837387,0,0
RUMBLE_STRIP,-1.28268228,36.9603987,USER,true,ONE_WAY,238.8,238.8,2025-09-13T17:19:00.663217Z,,,,,,,,1757783940743,0,0
SPEED_BUMP,-1.28287187,36.96009622,USER,true,ONE_WAY,240.4,240.4,2025-09-13T17:19:09.154653Z,,,,,,,,1757783949231,0,0
RUMBLE_STRIP,-1.28352469,36.95905628,USER,true,ONE_WAY,237.9,237.9,2025-09-13T17:19:26.113399Z,,,,,,,,1757783966201,0,0
RUMBLE_STRIP,-1.28384224,36.95854668,USER,true,ONE_WAY,238.2,238.2,2025-09-13T17:19:34.501428Z,,,,,,,,1757783974585,0,0
RUMBLE_STRIP,-1.28461048,36.95730716,USER,true,ONE_WAY,239.3,239.3,2025-09-13T17:19:56.512582Z,,,,,,,,1757783996588,0,0
SPEED_BUMP,-1.28475819,36.95701594,USER,true,ONE_WAY,238.3,238.3,2025-09-13T17:20:05.663428Z,,,,,,,,1757784005745,0,0
RUMBLE_STRIP,-1.28854841,36.9509916,USER,true,ONE_WAY,238.2,238.2,2025-09-13T17:21:20.944583Z,,,,,,,,1757784081013,0,0
SPEED_BUMP,-1.28879966,36.95058746,USER,true,ONE_WAY,239.8,239.8,2025-09-13T17:21:35.780525Z,,,,,,,,1757784095862,0,0
RUMBLE_STRIP,-1.28914119,36.95004147,USER,true,ONE_WAY,238.2,238.2,2025-09-13T17:21:45.856099Z,,,,,,,,1757784105936,0,0
RUMBLE_STRIP,-1.29180628,36.94571015,USER,true,ONE_WAY,236.9,236.9,2025-09-13T17:22:23.735228Z,,,,,,,,1757784143816,0,0
RUMBLE_STRIP,-1.29197722,36.94545474,USER,true,ONE_WAY,236.0,236.0,2025-09-13T17:22:27.427327Z,,,,,,,,1757784147502,0,0
SPEED_BUMP,-1.2920685,36.94532008,USER,true,ONE_WAY,234.9,234.9,2025-09-13T17:22:32.441029Z,,,,,,,,1757784152516,0,0
RUMBLE_STRIP,-1.30539544,36.93471468,USER,true,ONE_WAY,216.7,216.7,2025-09-13T17:24:06.539910Z,,,,,,,,1757784246615,0,0
RUMBLE_STRIP,-1.30569249,36.93449514,USER,true,ONE_WAY,217.1,217.1,2025-09-13T17:24:09.947125Z,,,,,,,,1757784250029,0,0
SPEED_BUMP,-1.32954013,36.88512573,USER,true,ONE_WAY,295.3,295.3,2025-09-13T17:30:47.819702Z,,,,,,,,1757784647901,0,0
SPEED_BUMP,-1.32940966,36.88485419,USER,true,ONE_WAY,294.8,294.8,2025-09-13T17:30:55.976488Z,,,,,,,,1757784656055,0,0
SPEED_BUMP,-1.26253815,36.75043204,USER,true,BIDIRECTIONAL,215.2,215.2,2025-09-15T15:08:20.495750Z,,,,,,,,1757948900561,0,0
SPEED_BUMP,-1.26457674,36.73968201,USER,true,ONE_WAY,271.4,271.4,2025-09-15T15:12:42.282871Z,,,,,,,,1757949162372,0,0
SPEED_BUMP,-1.24732634,36.68450892,USER,true,BIDIRECTIONAL,19.9,19.9,2025-09-16T03:17:16.899025Z,,,,,,,,1757992636978,0,0
SPEED_BUMP,-1.260069,36.71888495,USER,true,ONE_WAY,81.5,81.5,2025-09-16T03:41:44.056814Z,,,,,,,,1757994104140,0,0
SPEED_BUMP,-1.2613246,36.8010088,USER,true,ONE_WAY,342.0,342.0,2025-09-16T05:53:18.591387Z,,,,,,,,1758001998653,0,0
SPEED_BUMP,-1.26082859,36.80083548,USER,true,ONE_WAY,341.2,341.2,2025-09-16T05:53:30.349944Z,,,,,,,,1758002010406,0,0
POTHOLE,-1.25963231,36.79631276,USER,true,ONE_WAY,281.8,281.8,2025-09-16T05:55:02.361661Z,,,,,,,,1758002102421,0,0
SPEED_BUMP,-1.25835212,36.79514605,USER,true,BIDIRECTIONAL,317.3,317.3,2025-09-16T05:55:53.640717Z,,,,,,,,1758002153732,0,0
SPEED_BUMP,-1.25805593,36.79485711,USER,true,BIDIRECTIONAL,316.1,316.1,2025-09-16T05:56:02.709941Z,,,,,,,,1758002162799,0,0
SPEED_BUMP,-1.25755077,36.79403148,USER,true,BIDIRECTIONAL,280.0,280.0,2025-09-16T05:56:18.776419Z,,,,,,,,1758002178860,0,0
SPEED_BUMP,-1.25747075,36.79347439,USER,true,BIDIRECTIONAL,277.4,277.4,2025-09-16T05:56:29.907608Z,,,,,,,,1758002189990,0,0
SPEED_BUMP,-1.25747828,36.79302248,USER,true,BIDIRECTIONAL,262.6,262.6,2025-09-16T05:56:40.718382Z,,,,,,,,1758002200806,0,0
POTHOLE,-1.25790142,36.79228988,USER,true,ONE_WAY,184.5,184.5,2025-09-16T05:56:59.057353Z,,,,,,,,1758002219134,0,0
