lat,lng,type,source,active,directionality,reportedHeadingDeg,userBearing,createdAt,updatedAt,speedLimitKph,zoneLengthMeters,zoneStartLat,zoneStartLng,zoneEndLat,zoneEndLng,id,votes,votesCount
-1.25099,36.68655,SPEED_LIMIT_ZONE,USER,True,BIDIRECTIONAL,0.0,,2025-09-09T05:45:57.771644Z,,50.0,129.0,-1.24984412,36.68492717,-1.25052111,36.68587849,1757409863199,0,0
-1.25731,36.69962,RUMBLE_STRIP,USER,True,ONE_WAY,112.5,,2025-09-09T05:47:12.831424Z,,,,,,,,1757409863221,0,0
-1.25744,36.69998,RUMBLE_STRIP,USER,True,ONE_WAY,112.5,,2025-09-09T05:47:20.806134Z,,,,,,,,1757409863234,0,0
-1.25754,36.70026,SPEED_BUMP,USER,True,ONE_WAY,112.5,,2025-09-09T05:47:28.491605Z,,,,,,,,1757409863243,0,0
-1.25766,36.70059,RUMBLE_STRIP,USER,True,ONE_WAY,112.5,,2025-09-09T05:47:39.901884Z,,,,,,,,1757409863259,0,0
-1.25813,36.70204,RUMBLE_STRIP,USER,True,ONE_WAY,112.5,,2025-09-09T05:48:02.375773Z,,,,,,,,1757409863267,0,0
-1.2583,36.70248,RUMBLE_STRIP,USER,True,ONE_WAY,112.5,,2025-09-09T05:48:07.352725Z,,,,,,,,1757409863272,0,0
-1.2584,36.70278,SPEED_BUMP,USER,True,ONE_WAY,112.5,,2025-09-09T05:48:14.045817Z,,,,,,,,1757409863278,0,0
-1.26004,36.70937,RUMBLE_STRIP,USER,True,ONE_WAY,112.5,,2025-09-09T05:49:02.984888Z,,,,,,,,1757409863287,0,0
-1.26013,36.70997,SPEED_BUMP,USER,True,ONE_WAY,112.5,,2025-09-09T05:49:17.606682Z,,,,,,,,1757409863292,0,0
-1.26021,36.71031,RUMBLE_STRIP,USER,True,ONE_WAY,135.0,,2025-09-09T05:49:25.473291Z,,,,,,,,1757409863298,0,0
-1.26019,36.71832,RUMBLE_STRIP,USER,True,ONE_WAY,135.0,,2025-09-09T05:50:14.201816Z,,,,,,,,1757409863303,0,0
-1.26007,36.71904,RUMBLE_STRIP,USER,True,ONE_WAY,135.0,,2025-09-09T05:50:21.068481Z,,,,,,,,1757409863309,0,0
-1.26254,36.72747,RUMBLE_STRIP,USER,True,ONE_WAY,135.0,,2025-09-09T05:51:11.725876Z,,,,,,,,1757409863317,0,0
-1.26277,36.72788,SPEED_BUMP,USER,True,ONE_WAY,135.0,,2025-09-09T05:51:15.356682Z,,,,,,,,1757409863326,0,0
-1.26405,36.73228,RUMBLE_STRIP,USER,True,ONE_WAY,157.5,,2025-09-09T05:51:52.033023Z,,,,,,,,1757409863336,0,0
-1.26409,36.73251,SPEED_BUMP,USER,True,ONE_WAY,157.5,,2025-09-09T05:52:00.425578Z,,,,,,,,1757409863344,0,0
-1.2644,36.73594,RUMBLE_STRIP,USER,True,ONE_WAY,157.5,,2025-09-09T05:52:33.120170Z,,,,,,,,1757409863353,0,0
-1.26441,36.73618,SPEED_BUMP,USER,True,ONE_WAY,157.5,,2025-09-09T05:52:41.431559Z,,,,,,,,1757409863361,0,0
-1.26436,36.73972,RUMBLE_STRIP,USER,True,ONE_WAY,157.5,,2025-09-09T05:53:15.521967Z,,,,,,,,1757409863370,0,0
-1.26435,36.73991,SPEED_BUMP,USER,True,ONE_WAY,157.5,,2025-09-09T05:53:22.550487Z,,,,,,,,1757409863379,0,0
-1.26416,36.74787,RUMBLE_STRIP,USER,True,ONE_WAY,157.5,,2025-09-09T05:54:33.126094Z,,,,,,,,1757409863390,0,0
-1.26415,36.74818,RUMBLE_STRIP,USER,True,ONE_WAY,157.5,,2025-09-09T05:54:40.595208Z,,,,,,,,1757409863399,0,0
-1.26412,36.74844,SPEED_BUMP,USER,True,ONE_WAY,157.5,,2025-09-09T05:54:48.485644Z,,,,,,,,1757409863408,0,0
-1.26407,36.74871,RUMBLE_STRIP,USER,True,ONE_WAY,157.5,,2025-09-09T05:54:54.835641Z,,,,,,,,1757409863417,0,0
-1.26377,36.75723,RUMBLE_STRIP,USER,True,ONE_WAY,157.5,,2025-09-09T05:55:49.596247Z,,,,,,,,1757409863425,0,0
-1.26372,36.75769,RUMBLE_STRIP,USER,True,ONE_WAY,157.5,,2025-09-09T05:56:00.179823Z,,,,,,,,1757409863435,0,0
-1.2637,36.75796,SPEED_BUMP,USER,True,ONE_WAY,157.5,,2025-09-09T05:56:06.135160Z,,,,,,,,1757409863444,0,0
-1.26368,36.75819,RUMBLE_STRIP,USER,True,ONE_WAY,157.5,,2025-09-09T05:56:12.335649Z,,,,,,,,1757409863457,0,0
-1.26348,36.76042,RUMBLE_STRIP,USER,True,ONE_WAY,112.5,,2025-09-09T05:56:34.566361Z,,,,,,,,1757409863469,0,0
-1.26338,36.76104,SPEED_BUMP,USER,True,ONE_WAY,112.5,,2025-09-09T05:56:38.864333Z,,,,,,,,1757409863478,0,0
-1.26299,36.76354,RUMBLE_STRIP,USER,True,ONE_WAY,112.5,,2025-09-09T05:57:01.517663Z,,,,,,,,1757409863488,0,0
-1.26298,36.76362,SPEED_BUMP,USER,True,ONE_WAY,112.5,,2025-09-09T05:57:03.621039Z,,,,,,,,1757409863497,0,0
-1.26041,36.76919,RUMBLE_STRIP,USER,True,BIDIRECTIONAL,0.0,,2025-09-09T05:57:42.656762Z,,,,,,,,1757409863507,0,0
-1.26034,36.76949,RUMBLE_STRIP,USER,True,ONE_WAY,112.5,,2025-09-09T05:57:44.630572Z,,,,,,,,1757409863516,0,0
-1.26019,36.77024,SPEED_BUMP,USER,True,ONE_WAY,112.5,,2025-09-09T05:57:51.578383Z,,,,,,,,1757409863526,0,0
-1.25988,36.79133,SPEED_BUMP,USER,True,ONE_WAY,315.0,,2025-09-09T06:03:34.918056Z,,,,,,,,1757409863537,0,0
-1.25937,36.79031,SPEED_BUMP,USER,True,BIDIRECTIONAL,0.0,,2025-09-09T06:03:52.053254Z,,,,,,,,1757409863547,0,0
-1.25897,36.78948,SPEED_BUMP,USER,True,BIDIRECTIONAL,0.0,,2025-09-09T06:04:04.037363Z,,,,,,,,1757409863557,0,0
-1.25875,36.78887,SPEED_BUMP,USER,True,ONE_WAY,0.0,0.0,2025-09-09T10:33:34.059020Z,,,,,,,,1757414014070,0,0
-1.25849,36.7875,SPEED_BUMP,USER,True,BIDIRECTIONAL,254.7,254.7,2025-09-09T10:37:53.141144Z,,,,,,,,1757414273163,0,0
-1.25829,36.78938,SPEED_BUMP,USER,True,BIDIRECTIONAL,0.0,0.0,2025-09-09T11:36:07.406516Z,,,,,,,,1757417767431,0,0
-1.25909,36.78975,SPEED_BUMP,USER,True,BIDIRECTIONAL,82.5,82.5,2025-09-09T14:41:47.403542Z,,,,,,,,1757428907418,0,0
-1.2594,36.792,POTHOLE,USER,True,BIDIRECTIONAL,4.9,4.9,2025-09-09T14:42:52.090860Z,,,,,,,,1757428972111,0,0
-1.25975,36.79722,SPEED_BUMP,USER,True,BIDIRECTIONAL,98.3,98.3,2025-09-09T14:45:20.763029Z,,,,,,,,1757429120782,0,0
-1.2598,36.79752,SPEED_BUMP,USER,True,BIDIRECTIONAL,98.8,98.8,2025-09-09T14:45:28.746213Z,,,,,,,,1757429128767,0,0
-1.25956,36.80052,SPEED_BUMP,USER,True,BIDIRECTIONAL,348.0,348.0,2025-09-09T15:13:40.289914Z,,,,,,,,1757430820297,0,0
-1.25901,36.8008,SPEED_BUMP,USER,True,BIDIRECTIONAL,45.4,45.4,2025-09-09T15:13:54.644541Z,,,,,,,,1757430834655,0,0
-1.25893,36.80166,SPEED_BUMP,USER,True,BIDIRECTIONAL,150.2,150.2,2025-09-09T15:14:34.766508Z,,,,,,,,1757430874783,0,0
-1.25945,36.802,SPEED_BUMP,USER,True,ONE_WAY,153.8,153.8,2025-09-09T15:14:49.842940Z,,,,,,,,1757430889854,0,0
-1.26086,36.80284,SPEED_BUMP,USER,True,ONE_WAY,164.2,164.2,2025-09-09T15:15:15.708060Z,,,,,,,,1757430915718,0,0
-1.2664,36.80579,SPEED_BUMP,USER,True,BIDIRECTIONAL,315.2,315.2,2025-09-09T15:27:15.751098Z,,,,,,,,1757431635769,0,0
-1.26639,36.80444,POTHOLE,USER,True,BIDIRECTIONAL,214.9,214.9,2025-09-09T15:27:57.795310Z,,,,,,,,1757431677806,0,0
-1.26659,36.80423,POTHOLE,USER,True,BIDIRECTIONAL,225.4,225.4,2025-09-09T15:28:11.850237Z,,,,,,,,1757431691863,0,0
-1.26029,36.77109,RUMBLE_STRIP,USER,True,ONE_WAY,258.3,258.3,2025-09-09T17:40:47.596734Z,,,,,,,,1757439647619,0,0
-1.26036,36.77074,SPEED_BUMP,USER,True,ONE_WAY,258.7,258.7,2025-09-09T17:40:54.029599Z,,,,,,,,1757439654052,0,0
-1.26043,36.77037,RUMBLE_STRIP,USER,True,ONE_WAY,260.1,260.1,2025-09-09T17:40:59.894515Z,,,,,,,,1757439659923,0,0
-1.26274,36.76517,RUMBLE_STRIP,USER,True,ONE_WAY,248.5,248.5,2025-09-09T17:41:40.241559Z,,,,,,,,1757439700272,0,0
-1.26289,36.76473,RUMBLE_STRIP,USER,True,ONE_WAY,254.7,254.7,2025-09-09T17:41:44.240510Z,,,,,,,,1757439704264,0,0
-1.26299,36.76434,SPEED_BUMP,USER,True,ONE_WAY,256.5,256.5,2025-09-09T17:41:52.418601Z,,,,,,,,1757439712449,0,0
-1.26464,36.73612,RUMBLE_STRIP,USER,True,ONE_WAY,272.3,272.3,2025-09-09T17:45:44.312534Z,,,,,,,,1757439944338,0,0
-1.26462,36.73559,SPEED_BUMP,USER,True,ONE_WAY,275.3,275.3,2025-09-09T17:45:57.288906Z,,,,,,,,1757439957311,0,0
-1.26438,36.73334,RUMBLE_STRIP,USER,True,ONE_WAY,277.8,277.8,2025-09-09T17:46:21.522814Z,,,,,,,,1757439981545,0,0
-1.26436,36.73318,SPEED_BUMP,USER,True,ONE_WAY,280.4,280.4,2025-09-09T17:46:25.429041Z,,,,,,,,1757439985458,0,0
-1.26382,36.72983,RUMBLE_STRIP,USER,True,ONE_WAY,284.5,284.5,2025-09-09T17:46:57.161158Z,,,,,,,,1757440017175,0,0
-1.2602,36.71983,SPEED_BUMP,USER,True,ONE_WAY,267.1,267.1,2025-09-09T17:48:06.372355Z,,,,,,,,1757440086398,0,0
-1.26053,36.71155,RUMBLE_STRIP,USER,True,ONE_WAY,100.5,100.5,2025-09-09T17:49:15.470999Z,,,,,,,,1757440155493,0,0
-1.26047,36.71113,RUMBLE_STRIP,USER,True,ONE_WAY,280.2,280.2,2025-09-09T17:49:26.205701Z,,,,,,,,1757440166229,0,0
-1.26042,36.71087,SPEED_BUMP,USER,True,ONE_WAY,102.3,102.3,2025-09-09T17:49:33.598318Z,,,,,,,,1757440173623,0,0
-1.259,36.70425,RUMBLE_STRIP,USER,True,ONE_WAY,289.0,289.0,2025-09-09T17:50:33.840513Z,,,,,,,,1757440233852,0,0
-1.25881,36.70375,RUMBLE_STRIP,USER,True,ONE_WAY,289.9,289.9,2025-09-09T17:50:40.531771Z,,,,,,,,1757440240544,0,0
-1.25872,36.7035,SPEED_BUMP,USER,True,ONE_WAY,289.6,289.6,2025-09-09T17:50:48.119823Z,,,,,,,,1757440248150,0,0
-1.25803,36.70158,RUMBLE_STRIP,USER,True,ONE_WAY,290.1,290.1,2025-09-09T17:51:10.118049Z,,,,,,,,1757440270148,0,0
-1.25792,36.70121,RUMBLE_STRIP,USER,True,ONE_WAY,289.3,289.3,2025-09-09T17:51:16.431001Z,,,,,,,,1757440276460,0,0
-1.2578,36.70091,SPEED_BUMP,USER,True,ONE_WAY,290.0,290.0,2025-09-09T17:51:27.856308Z,,,,,,,,1757440287892,0,0
-1.25249,36.68852,RUMBLE_STRIP,USER,True,ONE_WAY,303.6,303.6,2025-09-09T17:52:51.789647Z,,,,,,,,1757440371819,0,0
-1.24772,36.68173,RUMBLE_STRIP,USER,True,ONE_WAY,260.4,260.4,2025-09-09T17:53:33.172451Z,,,,,,,,1757440413202,0,0
-1.24725,36.68019,RUMBLE_STRIP,USER,True,ONE_WAY,260.3,260.3,2025-09-09T17:53:47.178773Z,,,,,,,,1757440427203,0,0
-1.24729,36.67987,SPEED_BUMP,USER,True,BIDIRECTIONAL,265.8,265.8,2025-09-09T17:53:52.626146Z,,,,,,,,1757440432645,0,0
-1.24732,36.6796,SPEED_BUMP,USER,True,BIDIRECTIONAL,264.2,264.2,2025-09-09T17:54:00.060175Z,,,,,,,,1757440440085,0,0
-1.24766,36.68202,POTHOLE,USER,True,BIDIRECTIONAL,123.4,123.4,2025-09-09T17:55:37.991404Z,,,,,,,,1757440538022,0,0
-1.24787,36.68237,POTHOLE,USER,True,BIDIRECTIONAL,122.4,122.4,2025-09-09T17:55:59.454901Z,,,,,,,,1757440559492,0,0
-1.27969,36.76948,SPEED_BUMP,USER,True,BIDIRECTIONAL,215.3,215.3,2025-09-10T06:09:45.998742Z,,,,,,,,1757484586018,0,0
-1.28044,36.76998,SPEED_BUMP,USER,True,BIDIRECTIONAL,124.0,124.0,2025-09-10T06:10:13.399070Z,,,,,,,,1757484613425,0,0
-1.25816,36.78881,SPEED_BUMP,USER,True,BIDIRECTIONAL,333.7,333.7,2025-09-10T15:11:50.103707Z,,,,,,,,1757517110129,0,0
-1.25777,36.78864,SPEED_BUMP,USER,True,BIDIRECTIONAL,334.8,334.8,2025-09-10T15:12:00.233502Z,,,,,,,,1757517120267,0,0
-1.25717,36.78822,SPEED_BUMP,USER,True,BIDIRECTIONAL,286.8,286.8,2025-09-10T15:12:21.717664Z,,,,,,,,1757517141741,0,0
-1.25666,36.7867,SPEED_BUMP,USER,True,ONE_WAY,289.1,289.1,2025-09-10T15:12:45.383598Z,,,,,,,,1757517165405,0,0
-1.2562,36.78616,SPEED_BUMP,USER,True,BIDIRECTIONAL,276.7,276.7,2025-09-10T15:13:04.118922Z,,,,,,,,1757517184156,0,0
-1.25592,36.78433,SPEED_BUMP,USER,True,BIDIRECTIONAL,278.0,278.0,2025-09-10T15:13:33.424625Z,,,,,,,,1757517213463,0,0
-1.25582,36.78355,SPEED_BUMP,USER,True,BIDIRECTIONAL,277.4,277.4,2025-09-10T15:13:50.347421Z,,,,,,,,1757517230370,0,0
-1.2556,36.78212,SPEED_BUMP,USER,True,BIDIRECTIONAL,280.0,280.0,2025-09-10T15:14:21.426957Z,,,,,,,,1757517261455,0,0
-1.25549,36.78153,SPEED_BUMP,USER,True,BIDIRECTIONAL,282.2,282.2,2025-09-10T15:14:37.077370Z,,,,,,,,1757517277110,0,0
-1.25487,36.77875,SPEED_BUMP,USER,True,BIDIRECTIONAL,286.3,286.3,2025-09-10T15:15:11.757569Z,,,,,,,,1757517311779,0,0
-1.25398,36.7753,SPEED_BUMP,USER,True,BIDIRECTIONAL,286.7,286.7,2025-09-10T15:15:57.033982Z,,,,,,,,1757517357065,0,0
-1.25047,36.7695,SPEED_BUMP,USER,True,BIDIRECTIONAL,270.4,270.4,2025-09-10T15:19:12.233132Z,,,,,,,,1757517552264,0,0
-1.25048,36.76901,SPEED_BUMP,USER,True,BIDIRECTIONAL,269.4,269.4,2025-09-10T15:19:25.401263Z,,,,,,,,1757517565431,0,0
-1.2505,36.76825,SPEED_BUMP,USER,True,BIDIRECTIONAL,269.0,269.0,2025-09-10T15:19:40.682636Z,,,,,,,,1757517580713,0,0
-1.25053,36.76764,SPEED_BUMP,USER,True,BIDIRECTIONAL,268.2,268.2,2025-09-10T15:19:53.707318Z,,,,,,,,1757517593733,0,0
-1.25063,36.76585,SPEED_BUMP,USER,True,BIDIRECTIONAL,268.4,268.4,2025-09-10T15:20:36.926181Z,,,,,,,,1757517636962,0,0
-1.25067,36.76492,SPEED_BUMP,USER,True,BIDIRECTIONAL,266.6,266.6,2025-09-10T15:20:52.732814Z,,,,,,,,1757517652769,0,0
-1.25102,36.75879,SPEED_BUMP,USER,True,BIDIRECTIONAL,264.9,264.9,2025-09-10T15:22:05.366028Z,,,,,,,,1757517725399,0,0
-1.25117,36.75747,SPEED_BUMP,USER,True,BIDIRECTIONAL,262.1,262.1,2025-09-10T15:22:24.472813Z,,,,,,,,1757517744497,0,0
-1.25134,36.75674,SPEED_BUMP,USER,True,BIDIRECTIONAL,258.4,258.4,2025-09-10T15:22:40.698385Z,,,,,,,,1757517760722,0,0
-1.25151,36.75601,SPEED_BUMP,USER,True,BIDIRECTIONAL,259.2,259.2,2025-09-10T15:22:56.717492Z,,,,,,,,1757517776750,0,0
-1.25283,36.75415,SPEED_BUMP,USER,True,BIDIRECTIONAL,184.5,184.5,2025-09-10T15:23:36.366352Z,,,,,,,,1757517816397,0,0
-1.25403,36.75321,SPEED_BUMP,USER,True,BIDIRECTIONAL,242.0,242.0,2025-09-10T15:23:57.734496Z,,,,,,,,1757517837754,0,0
-1.25524,36.75186,SPEED_BUMP,USER,True,BIDIRECTIONAL,217.8,217.8,2025-09-10T15:24:24.499974Z,,,,,,,,1757517864539,0,0
-1.25648,36.75137,SPEED_BUMP,USER,True,BIDIRECTIONAL,187.3,187.3,2025-09-10T15:24:46.849886Z,,,,,,,,1757517886886,0,0
-1.25884,36.75103,SPEED_BUMP,USER,True,BIDIRECTIONAL,189.7,189.7,2025-09-10T15:25:10.382826Z,,,,,,,,1757517910421,0,0
-1.25976,36.7509,SPEED_BUMP,USER,True,BIDIRECTIONAL,189.8,189.8,2025-09-10T15:25:29.680358Z,,,,,,,,1757517929718,0,0
-1.26024,36.71987,RUMBLE_STRIP,USER,True,ONE_WAY,272.7,272.7,2025-09-11T14:48:45.639533Z,,,,,,,,1757602125674,0,0
-1.26028,36.71946,SPEED_BUMP,USER,True,ONE_WAY,260.6,260.6,2025-09-11T14:48:52.206683Z,,,,,,,,1757602132244,0,0
-1.2576,36.80125,SPEED_BUMP,USER,True,BIDIRECTIONAL,333.0,333.0,2025-09-12T07:53:03.246535Z,,,,,,,,1757663583279,0,0
-1.25616,36.79887,SPEED_BUMP,USER,True,BIDIRECTIONAL,288.7,288.7,2025-09-12T07:53:47.503332Z,,,,,,,,1757663627523,0,0
-1.25534,36.79899,SPEED_BUMP,USER,True,BIDIRECTIONAL,101.1,101.1,2025-09-12T07:54:30.351160Z,,,,,,,,1757663670390,0,0
-1.2557,36.80005,SPEED_BUMP,USER,True,BIDIRECTIONAL,113.6,113.6,2025-09-12T07:54:46.487804Z,,,,,,,,1757663686518,0,0
-1.25486,36.80194,SPEED_BUMP,USER,True,BIDIRECTIONAL,290.4,290.4,2025-09-12T07:56:16.317671Z,,,,,,,,1757663776355,0,0
-1.25178,36.79419,POTHOLE,USER,True,ONE_WAY,291.7,291.7,2025-09-12T07:57:45.785266Z,,,,,,,,1757663865806,0,0
-1.25175,36.7941,SPEED_BUMP,USER,True,BIDIRECTIONAL,291.9,291.9,2025-09-12T07:57:52.134512Z,,,,,,,,1757663872171,0,0
-1.25146,36.7932,POTHOLE,USER,True,ONE_WAY,221.8,221.8,2025-09-12T07:58:17.702037Z,,,,,,,,1757663897727,0,0
-1.25175,36.7931,SPEED_BUMP,USER,True,BIDIRECTIONAL,202.2,202.2,2025-09-12T07:58:26.667828Z,,,,,,,,1757663906715,0,0
-1.25246,36.79282,SPEED_BUMP,USER,True,BIDIRECTIONAL,202.5,202.5,2025-09-12T07:58:42.689085Z,,,,,,,,1757663922729,0,0
-1.25297,36.79261,SPEED_BUMP,USER,True,BIDIRECTIONAL,200.8,200.8,2025-09-12T07:58:53.672487Z,,,,,,,,1757663933696,0,0
-1.25336,36.79247,SPEED_BUMP,USER,True,BIDIRECTIONAL,203.1,203.1,2025-09-12T07:59:03.773815Z,,,,,,,,1757663943810,0,0
-1.25363,36.79235,POTHOLE,USER,True,BIDIRECTIONAL,207.2,207.2,2025-09-12T07:59:15.167693Z,,,,,,,,1757663955208,0,0
-1.2558,36.79745,SPEED_BUMP,USER,True,BIDIRECTIONAL,270.2,270.2,2025-09-12T08:05:57.420056Z,,,,,,,,1757664357459,0,0
-1.25584,36.79707,POTHOLE,USER,True,BIDIRECTIONAL,267.8,267.8,2025-09-12T08:06:05.136701Z,,,,,,,,1757664365173,0,0
-1.25594,36.7958,SPEED_BUMP,USER,True,BIDIRECTIONAL,262.2,262.2,2025-09-12T08:06:33.734249Z,,,,,,,,1757664393773,0,0
-1.2567,36.79063,SPEED_BUMP,USER,True,BIDIRECTIONAL,259.1,259.1,2025-09-12T08:07:45.703218Z,,,,,,,,1757664465729,0,0
-1.25676,36.79034,SPEED_BUMP,USER,True,BIDIRECTIONAL,258.5,258.5,2025-09-12T08:07:52.483489Z,,,,,,,,1757664472520,0,0
-1.25716,36.78874,SPEED_BUMP,USER,True,BIDIRECTIONAL,257.5,257.5,2025-09-12T08:08:15.073044Z,,,,,,,,1757664495102,0,0
-1.25614,36.792,POTHOLE,USER,True,ONE_WAY,71.4,71.4,2025-09-12T14:36:18.443028Z,,,,,,,,1757687778474,0,0
-1.25599,36.79418,SPEED_BUMP,USER,True,BIDIRECTIONAL,88.2,88.2,2025-09-12T14:36:49.783315Z,,,,,,,,1757687809820,0,0
-1.25695,36.80232,SPEED_BUMP,USER,True,ONE_WAY,125.2,125.2,2025-09-12T14:42:06.723669Z,,,,,,,,1757688126753,0,0
-1.25741,36.80303,SPEED_BUMP,USER,True,ONE_WAY,122.4,122.4,2025-09-12T14:42:30.563447Z,,,,,,,,1757688150589,0,0
-1.39079,36.93771,SPEED_BUMP,USER,True,ONE_WAY,145.6,145.6,2025-09-13T09:40:38.682015Z,,,,,,,,1757756438723,0,0
-1.40171,36.94414,SPEED_BUMP,USER,True,ONE_WAY,154.2,154.2,2025-09-13T09:42:30.085606Z,,,,,,,,1757756550130,0,0
-1.40228,36.94446,SPEED_BUMP,USER,True,ONE_WAY,152.0,152.0,2025-09-13T09:42:40.263052Z,,,,,,,,1757756560306,0,0
-1.4574,37.00503,RUMBLE_STRIP,USER,True,ONE_WAY,137.0,137.0,2025-09-13T10:14:40.093363Z,,,,,,,,1757758480135,0,0
-1.53022,37.12924,RUMBLE_STRIP,USER,True,BIDIRECTIONAL,123.5,123.5,2025-09-13T10:28:18.103100Z,,,,,,,,1757759298139,0,0
-1.53066,37.12987,RUMBLE_STRIP,USER,True,BIDIRECTIONAL,126.7,126.7,2025-09-13T10:28:50.497602Z,,,,,,,,1757759330539,0,0
-1.53123,37.13056,SPEED_BUMP,USER,True,BIDIRECTIONAL,132.2,132.2,2025-09-13T10:29:07.538694Z,,,,,,,,1757759347575,0,0
-1.53148,37.13081,SPEED_BUMP,USER,True,BIDIRECTIONAL,135.0,135.0,2025-09-13T10:29:14.241856Z,,,,,,,,1757759354291,0,0
-1.53192,37.13122,RUMBLE_STRIP,USER,True,BIDIRECTIONAL,137.9,137.9,2025-09-13T10:29:22.542426Z,,,,,,,,1757759362584,0,0
-1.53238,37.13165,RUMBLE_STRIP,USER,True,BIDIRECTIONAL,139.8,139.8,2025-09-13T10:29:36.626311Z,,,,,,,,1757759376678,0,0
-1.53448,37.1736,RUMBLE_STRIP,USER,True,BIDIRECTIONAL,118.0,118.0,2025-09-13T10:33:57.766389Z,,,,,,,,1757759637803,0,0
-1.53467,37.17395,SPEED_BUMP,USER,True,BIDIRECTIONAL,117.2,117.2,2025-09-13T10:34:02.828237Z,,,,,,,,1757759642872,0,0
-1.53489,37.1744,RUMBLE_STRIP,USER,True,BIDIRECTIONAL,115.4,115.4,2025-09-13T10:34:09.944057Z,,,,,,,,1757759649989,0,0
-1.53514,37.17494,RUMBLE_STRIP,USER,True,BIDIRECTIONAL,114.5,114.5,2025-09-13T10:34:15.082243Z,,,,,,,,1757759655123,0,0
-1.53563,37.1761,SPEED_BUMP,USER,True,BIDIRECTIONAL,111.6,111.6,2025-09-13T10:34:27.951717Z,,,,,,,,1757759667994,0,0
-1.53652,37.17793,SPEED_BUMP,USER,True,BIDIRECTIONAL,117.3,117.3,2025-09-13T10:34:46.025927Z,,,,,,,,1757759686072,0,0
-1.53707,37.17904,RUMBLE_STRIP,USER,True,BIDIRECTIONAL,113.7,113.7,2025-09-13T10:34:57.584265Z,,,,,,,,1757759697631,0,0
-1.53576,37.19197,RUMBLE_STRIP,USER,True,BIDIRECTIONAL,46.3,46.3,2025-09-13T10:36:37.375457Z,,,,,,,,1757759797429,0,0
-1.5355,37.19223,RUMBLE_STRIP,USER,True,BIDIRECTIONAL,46.2,46.2,2025-09-13T10:36:52.341739Z,,,,,,,,1757759812391,0,0
-1.53546,37.19227,SPEED_BUMP,USER,True,BIDIRECTIONAL,46.1,46.1,2025-09-13T10:36:56.124849Z,,,,,,,,1757759816178,0,0
-1.53502,37.19273,SPEED_BUMP,USER,True,BIDIRECTIONAL,45.6,45.6,2025-09-13T10:37:08.590208Z,,,,,,,,1757759828651,0,0
-1.53449,37.19342,SPEED_BUMP,USER,True,BIDIRECTIONAL,58.7,58.7,2025-09-13T10:37:22.992283Z,,,,,,,,1757759843044,0,0
-1.53425,37.19387,RUMBLE_STRIP,USER,True,BIDIRECTIONAL,65.7,65.7,2025-09-13T10:37:32.495340Z,,,,,,,,1757759852548,0,0
-1.5245,37.21348,RUMBLE_STRIP,USER,True,BIDIRECTIONAL,59.9,59.9,2025-09-13T10:40:59.058546Z,,,,,,,,1757760059107,0,0
-1.52412,37.21434,SPEED_BUMP,USER,True,BIDIRECTIONAL,70.8,70.8,2025-09-13T10:41:10.991467Z,,,,,,,,1757760071046,0,0
-1.5239,37.21499,RUMBLE_STRIP,USER,True,BIDIRECTIONAL,71.0,71.0,2025-09-13T10:41:20.352520Z,,,,,,,,1757760080410,0,0
-1.5237,37.21557,RUMBLE_STRIP,USER,True,BIDIRECTIONAL,71.4,71.4,2025-09-13T10:41:27.683776Z,,,,,,,,1757760087737,0,0
-1.52345,37.21629,RUMBLE_STRIP,USER,True,BIDIRECTIONAL,71.7,71.7,2025-09-13T10:41:36.352993Z,,,,,,,,1757760096412,0,0
-1.52215,37.2201,RUMBLE_STRIP,USER,True,BIDIRECTIONAL,72.2,72.2,2025-09-13T10:42:15.559342Z,,,,,,,,1757760135621,0,0
-1.52195,37.2207,RUMBLE_STRIP,USER,True,BIDIRECTIONAL,71.0,71.0,2025-09-13T10:42:31.274982Z,,,,,,,,1757760151331,0,0
-1.52179,37.22115,SPEED_BUMP,USER,True,BIDIRECTIONAL,71.9,71.9,2025-09-13T10:42:40.666983Z,,,,,,,,1757760160723,0,0
-1.5215,37.22202,SPEED_BUMP,USER,True,BIDIRECTIONAL,71.0,71.0,2025-09-13T10:42:54.463188Z,,,,,,,,1757760174516,0,0
-1.52059,37.2248,SPEED_BUMP,USER,True,BIDIRECTIONAL,78.2,78.2,2025-09-13T10:43:28.028237Z,,,,,,,,1757760208090,0,0
-1.5205,37.2252,RUMBLE_STRIP,USER,True,BIDIRECTIONAL,78.4,78.4,2025-09-13T10:43:35.255870Z,,,,,,,,1757760215311,0,0
-1.52039,37.22581,RUMBLE_STRIP,USER,True,BIDIRECTIONAL,79.0,79.0,2025-09-13T10:43:42.375857Z,,,,,,,,1757760222433,0,0
-1.5202,37.22679,RUMBLE_STRIP,USER,True,BIDIRECTIONAL,78.8,78.8,2025-09-13T10:43:53.864227Z,,,,,,,,1757760233920,0,0
-1.5204,37.2326,RUMBLE_STRIP,USER,True,BIDIRECTIONAL,97.2,97.2,2025-09-13T10:44:46.719957Z,,,,,,,,1757760286776,0,0
-1.52049,37.23357,RUMBLE_STRIP,USER,True,BIDIRECTIONAL,91.7,91.7,2025-09-13T10:45:01.568381Z,,,,,,,,1757760301628,0,0
-1.52049,37.234,RUMBLE_STRIP,USER,True,BIDIRECTIONAL,90.0,90.0,2025-09-13T10:45:11.159993Z,,,,,,,,1757760311219,0,0
-1.52049,37.23443,SPEED_BUMP,USER,True,BIDIRECTIONAL,90.3,90.3,2025-09-13T10:45:19.091591Z,,,,,,,,1757760319153,0,0
-1.52046,37.23675,SPEED_BUMP,USER,True,BIDIRECTIONAL,85.7,85.7,2025-09-13T10:45:51.542154Z,,,,,,,,1757760351605,0,0
-1.52006,37.23982,SPEED_BUMP,USER,True,BIDIRECTIONAL,81.0,81.0,2025-09-13T10:46:37.203543Z,,,,,,,,1757760397266,0,0
-1.51979,37.24198,SPEED_BUMP,USER,True,BIDIRECTIONAL,83.3,83.3,2025-09-13T10:47:07.992453Z,,,,,,,,1757760428051,0,0
-1.51951,37.24421,SPEED_BUMP,USER,True,BIDIRECTIONAL,83.8,83.8,2025-09-13T10:47:42.375693Z,,,,,,,,1757760462438,0,0
-1.51946,37.24466,RUMBLE_STRIP,USER,True,BIDIRECTIONAL,83.9,83.9,2025-09-13T10:47:50.542746Z,,,,,,,,1757760470599,0,0
-1.51941,37.245,RUMBLE_STRIP,USER,True,BIDIRECTIONAL,81.8,81.8,2025-09-13T10:47:54.752826Z,,,,,,,,1757760474815,0,0
-1.51937,37.24536,RUMBLE_STRIP,USER,True,BIDIRECTIONAL,83.8,83.8,2025-09-13T10:47:59.347249Z,,,,,,,,1757760479407,0,0
-1.51939,37.24784,RUMBLE_STRIP,USER,True,BIDIRECTIONAL,90.6,90.6,2025-09-13T10:48:31.525260Z,,,,,,,,1757760511590,0,0
-1.51939,37.24822,RUMBLE_STRIP,USER,True,BIDIRECTIONAL,87.0,87.0,2025-09-13T10:48:39.898854Z,,,,,,,,1757760519957,0,0
-1.51935,37.24874,SPEED_BUMP,USER,True,BIDIRECTIONAL,84.4,84.4,2025-09-13T10:48:51.260490Z,,,,,,,,1757760531323,0,0
-1.51901,37.25152,SPEED_BUMP,USER,True,BIDIRECTIONAL,80.3,80.3,2025-09-13T10:49:35.936962Z,,,,,,,,1757760576008,0,0
-1.51873,37.25319,SPEED_BUMP,USER,True,BIDIRECTIONAL,80.4,80.4,2025-09-13T10:49:58.342635Z,,,,,,,,1757760598407,0,0
-1.51858,37.25409,SPEED_BUMP,USER,True,BIDIRECTIONAL,81.7,81.7,2025-09-13T10:50:15.408805Z,,,,,,,,1757760615474,0,0
-1.51814,37.25675,SPEED_BUMP,USER,True,BIDIRECTIONAL,81.5,81.5,2025-09-13T10:50:56.746839Z,,,,,,,,1757760656809,0,0
-1.51805,37.25729,RUMBLE_STRIP,USER,True,BIDIRECTIONAL,79.3,79.3,2025-09-13T10:51:05.826189Z,,,,,,,,1757760665886,0,0
-1.51799,37.25765,RUMBLE_STRIP,USER,True,ONE_WAY,79.4,79.4,2025-09-13T10:51:12.159988Z,,,,,,,,1757760672226,0,0
-1.51793,37.25805,RUMBLE_STRIP,USER,True,BIDIRECTIONAL,80.4,80.4,2025-09-13T10:51:18.242299Z,,,,,,,,1757760678307,0,0
-1.51743,37.26196,SPEED_BUMP,USER,True,BIDIRECTIONAL,89.7,89.7,2025-09-13T10:52:06.809420Z,,,,,,,,1757760726873,0,0
-1.51793,37.26371,SPEED_BUMP,USER,True,BIDIRECTIONAL,128.4,128.4,2025-09-13T10:52:47.186025Z,,,,,,,,1757760767245,0,0
-1.51856,37.26449,RUMBLE_STRIP,USER,True,BIDIRECTIONAL,124.7,124.7,2025-09-13T10:53:04.338267Z,,,,,,,,1757760784407,0,0
-1.51898,37.26504,RUMBLE_STRIP,USER,True,BIDIRECTIONAL,126.1,126.1,2025-09-13T10:53:14.777777Z,,,,,,,,1757760794845,0,0
-1.51935,37.2657,RUMBLE_STRIP,USER,True,BIDIRECTIONAL,115.3,115.3,2025-09-13T10:53:24.770751Z,,,,,,,,1757760804846,0,0
-1.52101,37.26674,RUMBLE_STRIP,USER,True,BIDIRECTIONAL,203.0,203.0,2025-09-13T10:54:07.009019Z,,,,,,,,1757760847075,0,0
-1.52182,37.26644,RUMBLE_STRIP,USER,True,BIDIRECTIONAL,199.7,199.7,2025-09-13T10:54:26.209865Z,,,,,,,,1757760866276,0,0
-1.52225,37.26627,SPEED_BUMP,USER,True,BIDIRECTIONAL,201.5,201.5,2025-09-13T10:54:34.494397Z,,,,,,,,1757760874559,0,0
-1.52261,37.26613,RUMBLE_STRIP,USER,True,BIDIRECTIONAL,200.0,200.0,2025-09-13T10:54:43.075439Z,,,,,,,,1757760883144,0,0
-1.52445,37.26545,SPEED_BUMP,USER,True,BIDIRECTIONAL,200.7,200.7,2025-09-13T10:55:20.258090Z,,,,,,,,1757760920325,0,0
-1.52601,37.26486,SPEED_BUMP,USER,True,BIDIRECTIONAL,201.8,201.8,2025-09-13T10:55:41.969683Z,,,,,,,,1757760942035,0,0
-1.52756,37.26427,SPEED_BUMP,USER,True,BIDIRECTIONAL,199.8,199.8,2025-09-13T10:56:04.392034Z,,,,,,,,1757760964463,0,0
-1.52846,37.26394,RUMBLE_STRIP,USER,True,BIDIRECTIONAL,200.7,200.7,2025-09-13T10:56:18.490226Z,,,,,,,,1757760978558,0,0
-1.52906,37.26371,RUMBLE_STRIP,USER,True,BIDIRECTIONAL,200.6,200.6,2025-09-13T10:56:40.750555Z,,,,,,,,1757761000818,0,0
-1.53075,37.2631,SPEED_BUMP,USER,True,BIDIRECTIONAL,202.2,202.2,2025-09-13T12:05:40.126756Z,,,,,,,,1757765140181,0,0
-1.53112,37.26305,SPEED_BUMP,USER,True,BIDIRECTIONAL,173.4,173.4,2025-09-13T12:24:48.514145Z,,,,,,,,1757766288554,0,0
-1.5316,37.26301,RUMBLE_STRIP,USER,True,BIDIRECTIONAL,178.0,178.0,2025-09-13T12:25:01.955648Z,,,,,,,,1757766302024,0,0
-1.53213,37.26304,RUMBLE_STRIP,USER,True,BIDIRECTIONAL,176.6,176.6,2025-09-13T12:25:12.825448Z,,,,,,,,1757766312893,0,0
-1.53317,37.26309,SPEED_BUMP,USER,True,BIDIRECTIONAL,179.2,179.2,2025-09-13T12:25:32.290691Z,,,,,,,,1757766332362,0,0
-1.53499,37.26244,SPEED_BUMP,USER,True,BIDIRECTIONAL,218.1,218.1,2025-09-13T12:25:59.128630Z,,,,,,,,1757766359192,0,0
-1.51708,37.26421,RUMBLE_STRIP,USER,True,BIDIRECTIONAL,352.8,352.8,2025-09-13T12:32:54.439426Z,,,,,,,,1757766774507,0,0
-1.51672,37.26419,RUMBLE_STRIP,USER,True,BIDIRECTIONAL,358.8,358.8,2025-09-13T12:33:00.553776Z,,,,,,,,1757766780624,0,0
-1.51266,37.26507,SPEED_BUMP,USER,True,BIDIRECTIONAL,14.9,14.9,2025-09-13T12:33:38.890096Z,,,,,,,,1757766818961,0,0
-1.51112,37.26524,SPEED_BUMP,USER,True,BIDIRECTIONAL,359.9,359.9,2025-09-13T12:33:58.393807Z,,,,,,,,1757766838468,0,0
-1.51036,37.26523,RUMBLE_STRIP,USER,True,BIDIRECTIONAL,358.9,358.9,2025-09-13T12:34:08.560328Z,,,,,,,,1757766848630,0,0
-1.50576,37.26475,RUMBLE_STRIP,USER,True,BIDIRECTIONAL,351.5,351.5,2025-09-13T12:34:44.238095Z,,,,,,,,1757766884308,0,0
-1.50518,37.26467,SPEED_BUMP,USER,True,BIDIRECTIONAL,350.2,350.2,2025-09-13T12:34:51.119730Z,,,,,,,,1757766891193,0,0
-1.50272,37.2643,SPEED_BUMP,USER,True,BIDIRECTIONAL,345.4,345.4,2025-09-13T12:35:21.322501Z,,,,,,,,1757766921394,0,0
-1.50212,37.26408,RUMBLE_STRIP,USER,True,BIDIRECTIONAL,335.4,335.4,2025-09-13T12:35:28.047928Z,,,,,,,,1757766928118,0,0
-1.49864,37.26207,RUMBLE_STRIP,USER,True,BIDIRECTIONAL,339.0,339.0,2025-09-13T12:35:58.899879Z,,,,,,,,1757766958973,0,0
-1.49784,37.26177,SPEED_BUMP,USER,True,BIDIRECTIONAL,342.7,342.7,2025-09-13T12:36:06.306490Z,,,,,,,,1757766966385,0,0
-1.49579,37.26144,SPEED_BUMP,USER,True,BIDIRECTIONAL,357.3,357.3,2025-09-13T12:36:28.707009Z,,,,,,,,1757766988783,0,0
-1.4934,37.26179,SPEED_BUMP,USER,True,BIDIRECTIONAL,16.4,16.4,2025-09-13T12:36:54.370121Z,,,,,,,,1757767014445,0,0
-1.49294,37.26193,RUMBLE_STRIP,USER,True,BIDIRECTIONAL,17.8,17.8,2025-09-13T12:37:03.276350Z,,,,,,,,1757767023351,0,0
-1.49245,37.26207,RUMBLE_STRIP,USER,True,BIDIRECTIONAL,17.2,17.2,2025-09-13T12:37:07.705638Z,,,,,,,,1757767027778,0,0
-1.49189,37.26225,RUMBLE_STRIP,USER,True,BIDIRECTIONAL,17.9,17.9,2025-09-13T12:37:14.705479Z,,,,,,,,1757767034781,0,0
-1.49117,37.26248,SPEED_BUMP,USER,True,BIDIRECTIONAL,14.9,14.9,2025-09-13T12:37:23.006366Z,,,,,,,,1757767043083,0,0
-1.48965,37.2628,SPEED_BUMP,USER,True,BIDIRECTIONAL,3.1,3.1,2025-09-13T12:37:44.384889Z,,,,,,,,1757767064463,0,0
-1.48797,37.26246,SPEED_BUMP,USER,True,BIDIRECTIONAL,338.6,338.6,2025-09-13T12:38:06.464292Z,,,,,,,,1757767086541,0,0
-1.48682,37.26196,SPEED_BUMP,USER,True,ONE_WAY,332.1,332.1,2025-09-13T12:38:20.057114Z,,,,,,,,1757767100137,0,0
-1.48585,37.2614,SPEED_BUMP,USER,True,BIDIRECTIONAL,328.5,328.5,2025-09-13T12:38:31.950Z,,,,,,,,1757767112025,0,0
-1.48549,37.26119,RUMBLE_STRIP,USER,True,BIDIRECTIONAL,330.0,330.0,2025-09-13T12:38:38.923629Z,,,,,,,,1757767118999,0,0
-1.48033,37.25816,RUMBLE_STRIP,USER,True,BIDIRECTIONAL,330.1,330.1,2025-09-13T12:39:21.126321Z,,,,,,,,1757767161204,0,0
-1.47967,37.25775,SPEED_BUMP,USER,True,BIDIRECTIONAL,328.7,328.7,2025-09-13T12:39:27.644577Z,,,,,,,,1757767167720,0,0
-1.47772,37.25663,SPEED_BUMP,USER,True,BIDIRECTIONAL,332.8,332.8,2025-09-13T12:39:51.322839Z,,,,,,,,1757767191407,0,0
-1.47508,37.25553,SPEED_BUMP,USER,True,BIDIRECTIONAL,338.7,338.7,2025-09-13T12:40:19.840255Z,,,,,,,,1757767219916,0,0
-1.47433,37.25524,RUMBLE_STRIP,USER,True,BIDIRECTIONAL,339.1,339.1,2025-09-13T12:40:29.693026Z,,,,,,,,1757767229801,0,0
-1.4738,37.25501,POTHOLE,USER,True,ONE_WAY,336.9,336.9,2025-09-13T12:40:36.740119Z,,,,,,,,1757767236817,0,0
-1.47203,37.2543,POTHOLE,USER,True,BIDIRECTIONAL,337.7,337.7,2025-09-13T12:40:51.575074Z,,,,,,,,1757767251650,0,0
-1.46988,37.25299,POTHOLE,USER,True,ONE_WAY,324.7,324.7,2025-09-13T12:41:13.089529Z,,,,,,,,1757767273169,0,0
-1.46934,37.25262,POTHOLE,USER,True,ONE_WAY,325.5,325.5,2025-09-13T12:41:18.157256Z,,,,,,,,1757767278237,0,0
-1.46196,37.25052,RUMBLE_STRIP,USER,True,BIDIRECTIONAL,11.1,11.1,2025-09-13T12:42:19.633780Z,,,,,,,,1757767339717,0,0
-1.46151,37.25061,RUMBLE_STRIP,USER,True,BIDIRECTIONAL,10.3,10.3,2025-09-13T12:42:25.122055Z,,,,,,,,1757767345200,0,0
-1.46091,37.25071,SPEED_BUMP,USER,True,BIDIRECTIONAL,8.4,8.4,2025-09-13T12:42:31.092266Z,,,,,,,,1757767351171,0,0
-1.45893,37.25053,SPEED_BUMP,USER,True,BIDIRECTIONAL,339.8,339.8,2025-09-13T12:42:51.686505Z,,,,,,,,1757767371769,0,0
-1.45828,37.25028,RUMBLE_STRIP,USER,True,BIDIRECTIONAL,336.2,336.2,2025-09-13T12:43:01.778548Z,,,,,,,,1757767381858,0,0
-1.45792,37.25013,RUMBLE_STRIP,USER,True,BIDIRECTIONAL,337.3,337.3,2025-09-13T12:43:06.806299Z,,,,,,,,1757767386885,0,0
-1.45753,37.24996,RUMBLE_STRIP,USER,True,BIDIRECTIONAL,337.1,337.1,2025-09-13T12:43:10.921170Z,,,,,,,,1757767391000,0,0
-1.45722,37.24983,SPEED_BUMP,USER,True,BIDIRECTIONAL,337.2,337.2,2025-09-13T12:43:14.366748Z,,,,,,,,1757767394448,0,0
-1.45368,37.24948,SPEED_BUMP,USER,True,BIDIRECTIONAL,10.7,10.7,2025-09-13T12:43:55.568792Z,,,,,,,,1757767435650,0,0
-1.45107,37.24885,SPEED_BUMP,USER,True,BIDIRECTIONAL,318.8,318.8,2025-09-13T12:44:26.718410Z,,,,,,,,1757767466797,0,0
-1.45067,37.24849,RUMBLE_STRIP,USER,True,BIDIRECTIONAL,317.2,317.2,2025-09-13T12:44:34.352770Z,,,,,,,,1757767474437,0,0
-1.45038,37.24822,RUMBLE_STRIP,USER,True,BIDIRECTIONAL,316.7,316.7,2025-09-13T12:44:38.889353Z,,,,,,,,1757767478974,0,0
-1.44988,37.24777,RUMBLE_STRIP,USER,True,BIDIRECTIONAL,318.4,318.4,2025-09-13T12:44:43.653873Z,,,,,,,,1757767483741,0,0
-1.44955,37.24746,RUMBLE_STRIP,USER,True,BIDIRECTIONAL,317.1,317.1,2025-09-13T12:44:49.268430Z,,,,,,,,1757767489356,0,0
-1.44916,37.2471,RUMBLE_STRIP,USER,True,BIDIRECTIONAL,316.4,316.4,2025-09-13T12:44:55.155964Z,,,,,,,,1757767495238,0,0
-1.4486,37.24658,SPEED_BUMP,USER,True,BIDIRECTIONAL,316.8,316.8,2025-09-13T12:45:06.857083Z,,,,,,,,1757767506939,0,0
-1.44724,37.24535,SPEED_BUMP,USER,True,BIDIRECTIONAL,317.8,317.8,2025-09-13T12:45:26.038163Z,,,,,,,,1757767526121,0,0
-1.44687,37.24502,POTHOLE,USER,True,ONE_WAY,317.8,317.8,2025-09-13T12:45:33.565924Z,,,,,,,,1757767533648,0,0
-1.44665,37.24482,RUMBLE_STRIP,USER,True,BIDIRECTIONAL,318.7,318.7,2025-09-13T12:45:38.006120Z,,,,,,,,1757767538091,0,0
-1.4344,37.24505,RUMBLE_STRIP,USER,True,BIDIRECTIONAL,336.0,336.0,2025-09-13T12:47:49.592041Z,,,,,,,,1757767669675,0,0
-1.43392,37.24481,RUMBLE_STRIP,USER,True,BIDIRECTIONAL,332.7,332.7,2025-09-13T12:47:54.171827Z,,,,,,,,1757767674258,0,0
-1.42687,37.23434,POTHOLE,USER,True,ONE_WAY,334.3,334.3,2025-09-13T12:50:50.755433Z,,,,,,,,1757767850856,0,0
-1.42576,37.2336,RUMBLE_STRIP,USER,True,BIDIRECTIONAL,314.5,314.5,2025-09-13T12:51:01.291268Z,,,,,,,,1757767861379,0,0
-1.42546,37.23329,RUMBLE_STRIP,USER,True,BIDIRECTIONAL,313.2,313.2,2025-09-13T12:51:05.123057Z,,,,,,,,1757767865209,0,0
-1.42515,37.23294,SPEED_BUMP,USER,True,BIDIRECTIONAL,312.8,312.8,2025-09-13T12:51:09.863262Z,,,,,,,,1757767869962,0,0
-1.42337,37.23246,SPEED_BUMP,USER,True,BIDIRECTIONAL,12.9,12.9,2025-09-13T12:51:34.390614Z,,,,,,,,1757767894480,0,0
-1.42305,37.23252,RUMBLE_STRIP,USER,True,BIDIRECTIONAL,11.6,11.6,2025-09-13T12:51:38.846894Z,,,,,,,,1757767898952,0,0
-1.42265,37.23262,RUMBLE_STRIP,USER,True,BIDIRECTIONAL,14.4,14.4,2025-09-13T12:51:42.590377Z,,,,,,,,1757767902678,0,0
-1.41796,37.23292,POTHOLE,USER,True,ONE_WAY,318.5,318.5,2025-09-13T12:52:19.089364Z,,,,,,,,1757767939180,0,0
-1.41694,37.23207,POTHOLE,USER,True,BIDIRECTIONAL,320.7,320.7,2025-09-13T12:52:27.657468Z,,,,,,,,1757767947740,0,0
-1.41649,37.2317,POTHOLE,USER,True,BIDIRECTIONAL,320.5,320.5,2025-09-13T12:52:32.438707Z,,,,,,,,1757767952525,0,0
-1.41485,37.23035,POTHOLE,USER,True,BIDIRECTIONAL,323.2,323.2,2025-09-13T12:52:45.633029Z,,,,,,,,1757767965730,0,0
-1.41445,37.23011,RUMBLE_STRIP,USER,True,BIDIRECTIONAL,335.0,335.0,2025-09-13T12:52:49.797241Z,,,,,,,,1757767969889,0,0
-1.41316,37.23025,POTHOLE,USER,True,BIDIRECTIONAL,355.6,355.6,2025-09-13T12:53:02.440232Z,,,,,,,,1757767982585,0,0
-1.41264,37.2298,POTHOLE,USER,True,BIDIRECTIONAL,301.9,301.9,2025-09-13T12:53:10.659780Z,,,,,,,,1757767990759,0,0
-1.41151,37.22911,RUMBLE_STRIP,USER,True,BIDIRECTIONAL,339.0,339.0,2025-09-13T12:53:21.911764Z,,,,,,,,1757768002000,0,0
-1.41018,37.22865,RUMBLE_STRIP,USER,True,BIDIRECTIONAL,315.3,315.3,2025-09-13T12:53:33.718066Z,,,,,,,,1757768013817,0,0
-1.40986,37.22831,POTHOLE,USER,True,BIDIRECTIONAL,315.5,315.5,2025-09-13T12:53:37.587257Z,,,,,,,,1757768017683,0,0
-1.40813,37.22767,POTHOLE,USER,True,BIDIRECTIONAL,346.7,346.7,2025-09-13T12:53:52.385100Z,,,,,,,,1757768032473,0,0
-1.40566,37.22614,RUMBLE_STRIP,USER,True,BIDIRECTIONAL,300.1,300.1,2025-09-13T12:54:22.195211Z,,,,,,,,1757768062290,0,0
-1.40521,37.2254,SPEED_BUMP,USER,True,BIDIRECTIONAL,307.7,307.7,2025-09-13T12:54:29.600244Z,,,,,,,,1757768069691,0,0
-1.40412,37.22494,SPEED_BUMP,USER,True,BIDIRECTIONAL,23.8,23.8,2025-09-13T12:54:43.861047Z,,,,,,,,1757768084016,0,0
-1.4025,37.22734,POTHOLE,USER,True,BIDIRECTIONAL,37.1,37.1,2025-09-13T12:55:12.038966Z,,,,,,,,1757768112131,0,0
-1.40146,37.22695,SPEED_BUMP,USER,True,BIDIRECTIONAL,338.8,338.8,2025-09-13T12:55:24.302724Z,,,,,,,,1757768124404,0,0
-1.401,37.22678,RUMBLE_STRIP,USER,True,BIDIRECTIONAL,339.9,339.9,2025-09-13T12:55:30.839621Z,,,,,,,,1757768130938,0,0
-1.40061,37.22664,RUMBLE_STRIP,USER,True,BIDIRECTIONAL,342.4,342.4,2025-09-13T12:55:35.222880Z,,,,,,,,1757768135321,0,0
-1.39655,37.23022,RUMBLE_STRIP,USER,True,BIDIRECTIONAL,92.7,92.7,2025-09-13T12:56:17.928803Z,,,,,,,,1757768178022,0,0
-1.39655,37.2308,RUMBLE_STRIP,USER,True,BIDIRECTIONAL,81.2,81.2,2025-09-13T12:56:24.572981Z,,,,,,,,1757768184664,0,0
-1.39564,37.23048,RUMBLE_STRIP,USER,True,BIDIRECTIONAL,304.2,304.2,2025-09-13T12:56:39.892954Z,,,,,,,,1757768199990,0,0
-1.39537,37.2301,RUMBLE_STRIP,USER,True,BIDIRECTIONAL,308.4,308.4,2025-09-13T12:56:43.827729Z,,,,,,,,1757768203924,0,0
-1.39295,37.2282,RUMBLE_STRIP,USER,True,BIDIRECTIONAL,308.9,308.9,2025-09-13T12:57:03.792953Z,,,,,,,,1757768223888,0,0
-1.39092,37.22596,RUMBLE_STRIP,USER,True,BIDIRECTIONAL,293.3,293.3,2025-09-13T12:57:25.653905Z,,,,,,,,1757768245758,0,0
-1.3861,37.22142,RUMBLE_STRIP,USER,True,BIDIRECTIONAL,344.9,344.9,2025-09-13T12:58:07.650015Z,,,,,,,,1757768287731,0,0
-1.3854,37.22123,RUMBLE_STRIP,USER,True,BIDIRECTIONAL,344.4,344.4,2025-09-13T12:58:13.633314Z,,,,,,,,1757768293713,0,0
-1.38525,37.22118,SPEED_BUMP,USER,True,BIDIRECTIONAL,343.9,343.9,2025-09-13T12:58:16.820748Z,,,,,,,,1757768296895,0,0
-1.38355,37.22085,SPEED_BUMP,USER,True,ONE_WAY,356.7,356.7,2025-09-13T12:58:31.660415Z,,,,,,,,1757768311734,0,0
-1.38306,37.22083,RUMBLE_STRIP,USER,True,BIDIRECTIONAL,358.5,358.5,2025-09-13T12:58:38.295454Z,,,,,,,,1757768318371,0,0
-1.38244,37.22081,RUMBLE_STRIP,USER,True,BIDIRECTIONAL,358.4,358.4,2025-09-13T12:58:43.558867Z,,,,,,,,1757768323664,0,0
-1.37346,37.22074,POTHOLE,USER,True,ONE_WAY,328.0,328.0,2025-09-13T13:00:06.411022Z,,,,,,,,1757768406510,0,0
-1.34509,37.21991,RUMBLE_STRIP,USER,True,BIDIRECTIONAL,0.2,0.2,2025-09-13T13:03:13.338092Z,,,,,,,,1757768593421,0,0
-1.3446,37.21991,SPEED_BUMP,USER,True,BIDIRECTIONAL,1.9,1.9,2025-09-13T13:03:17.715975Z,,,,,,,,1757768597793,0,0
-1.3406,37.2198,SPEED_BUMP,USER,True,BIDIRECTIONAL,359.8,359.8,2025-09-13T13:03:53.726637Z,,,,,,,,1757768633793,0,0
-1.34013,37.21979,RUMBLE_STRIP,USER,True,BIDIRECTIONAL,357.2,357.2,2025-09-13T13:04:01.857588Z,,,,,,,,1757768641952,0,0
-1.33965,37.21978,RUMBLE_STRIP,USER,True,BIDIRECTIONAL,358.0,358.0,2025-09-13T13:04:10.172646Z,,,,,,,,1757768650250,0,0
-1.32639,37.21945,POTHOLE,USER,True,BIDIRECTIONAL,355.3,355.3,2025-09-13T13:05:53.626086Z,,,,,,,,1757768753718,0,0
-1.32533,37.21942,POTHOLE,USER,True,BIDIRECTIONAL,354.3,354.3,2025-09-13T13:06:16.077882Z,,,,,,,,1757768776158,0,0
-1.30583,37.21892,RUMBLE_STRIP,USER,True,BIDIRECTIONAL,357.2,357.2,2025-09-13T13:09:04.535212Z,,,,,,,,1757768944605,0,0
-1.29362,37.21384,RUMBLE_STRIP,USER,True,BIDIRECTIONAL,18.8,18.8,2025-09-13T16:10:55.651881Z,,,,,,,,1757779855728,0,0
-1.29311,37.214,RUMBLE_STRIP,USER,True,BIDIRECTIONAL,23.6,23.6,2025-09-13T16:11:09.960856Z,,,,,,,,1757779870024,0,0
-1.29272,37.21415,RUMBLE_STRIP,USER,True,ONE_WAY,24.0,24.0,2025-09-13T16:11:20.405617Z,,,,,,,,1757779880473,0,0
-1.29238,37.2143,SPEED_BUMP,USER,True,BIDIRECTIONAL,26.0,26.0,2025-09-13T16:11:28.475599Z,,,,,,,,1757779888535,0,0
-1.29194,37.21448,RUMBLE_STRIP,USER,True,BIDIRECTIONAL,24.2,24.2,2025-09-13T16:11:38.792647Z,,,,,,,,1757779898866,0,0
-1.29153,37.21463,RUMBLE_STRIP,USER,True,BIDIRECTIONAL,23.4,23.4,2025-09-13T16:11:50.383433Z,,,,,,,,1757779910437,0,0
-1.29111,37.21476,RUMBLE_STRIP,USER,True,BIDIRECTIONAL,12.3,12.3,2025-09-13T16:12:02.872617Z,,,,,,,,1757779922922,0,0
-1.29072,37.21378,RUMBLE_STRIP,USER,True,BIDIRECTIONAL,280.9,280.9,2025-09-13T16:23:28.832797Z,,,,,,,,1757780608891,0,0
-1.29067,37.21329,RUMBLE_STRIP,USER,True,BIDIRECTIONAL,278.9,278.9,2025-09-13T16:23:42.022274Z,,,,,,,,1757780622085,0,0
-1.28604,37.18482,RUMBLE_STRIP,USER,True,BIDIRECTIONAL,276.2,276.2,2025-09-13T16:26:45.313273Z,,,,,,,,1757780805394,0,0
-1.28598,37.18411,SPEED_BUMP,USER,True,BIDIRECTIONAL,275.0,275.0,2025-09-13T16:26:53.093080Z,,,,,,,,1757780813154,0,0
-1.28592,37.18352,SPEED_BUMP,USER,True,BIDIRECTIONAL,276.3,276.3,2025-09-13T16:27:03.695562Z,,,,,,,,1757780823761,0,0
-1.28585,37.18266,RUMBLE_STRIP,USER,True,BIDIRECTIONAL,275.0,275.0,2025-09-13T16:27:14.852260Z,,,,,,,,1757780834931,0,0
-1.28578,37.18184,RUMBLE_STRIP,USER,True,BIDIRECTIONAL,274.0,274.0,2025-09-13T16:27:32.246399Z,,,,,,,,1757780852305,0,0
-1.27737,37.13846,SPEED_BUMP,USER,True,BIDIRECTIONAL,278.3,278.3,2025-09-13T16:36:09.630854Z,,,,,,,,1757781369688,0,0
-1.2771,37.11963,RUMBLE_STRIP,USER,True,BIDIRECTIONAL,265.5,265.5,2025-09-13T16:39:08.439920Z,,,,,,,,1757781548494,0,0
-1.27718,37.11893,RUMBLE_STRIP,USER,True,BIDIRECTIONAL,263.4,263.4,2025-09-13T16:39:19.572801Z,,,,,,,,1757781559640,0,0
-1.27724,37.11846,RUMBLE_STRIP,USER,True,BIDIRECTIONAL,261.4,261.4,2025-09-13T16:39:31.107363Z,,,,,,,,1757781571171,0,0
-1.27731,37.11801,SPEED_BUMP,USER,True,BIDIRECTIONAL,259.7,259.7,2025-09-13T16:39:40.441275Z,,,,,,,,1757781580512,0,0
-1.27739,37.11762,RUMBLE_STRIP,USER,True,BIDIRECTIONAL,259.2,259.2,2025-09-13T16:39:49.194519Z,,,,,,,,1757781589251,0,0
-1.27755,37.1168,RUMBLE_STRIP,USER,True,BIDIRECTIONAL,259.0,259.0,2025-09-13T16:40:05.129345Z,,,,,,,,1757781605195,0,0
-1.27777,37.11588,RUMBLE_STRIP,USER,True,BIDIRECTIONAL,256.0,256.0,2025-09-13T16:40:20.862266Z,,,,,,,,1757781620935,0,0
-1.28353,37.10131,RUMBLE_STRIP,USER,True,BIDIRECTIONAL,260.6,260.6,2025-09-13T16:42:58.426055Z,,,,,,,,1757781778478,0,0
-1.28365,37.10042,RUMBLE_STRIP,USER,True,BIDIRECTIONAL,262.6,262.6,2025-09-13T16:43:16.577177Z,,,,,,,,1757781796627,0,0
-1.28369,37.1,RUMBLE_STRIP,USER,True,BIDIRECTIONAL,264.5,264.5,2025-09-13T16:43:26.129279Z,,,,,,,,1757781806198,0,0
-1.28374,37.09951,SPEED_BUMP,USER,True,BIDIRECTIONAL,265.3,265.3,2025-09-13T16:43:34.418928Z,,,,,,,,1757781814472,0,0
-1.28381,37.09821,SPEED_BUMP,USER,True,BIDIRECTIONAL,266.0,266.0,2025-09-13T16:45:12.729401Z,,,,,,,,1757781912804,0,0
-1.28383,37.0979,SPEED_BUMP,USER,True,BIDIRECTIONAL,267.3,267.3,2025-09-13T16:45:25.346461Z,,,,,,,,1757781925411,0,0
-1.28387,37.09705,SPEED_BUMP,USER,True,BIDIRECTIONAL,269.1,269.1,2025-09-13T16:46:44.985746Z,,,,,,,,1757782005052,0,0
-1.28393,37.09612,SPEED_BUMP,USER,True,BIDIRECTIONAL,265.9,265.9,2025-09-13T16:48:30.846053Z,,,,,,,,1757782110925,0,0
-1.28398,37.09516,SPEED_BUMP,USER,True,BIDIRECTIONAL,266.9,266.9,2025-09-13T16:49:10.349436Z,,,,,,,,1757782150419,0,0
-1.28405,37.09388,SPEED_BUMP,USER,True,BIDIRECTIONAL,267.6,267.6,2025-09-13T16:49:39.658186Z,,,,,,,,1757782179735,0,0
-1.28408,37.09306,SPEED_BUMP,USER,True,BIDIRECTIONAL,267.8,267.8,2025-09-13T16:49:58.613303Z,,,,,,,,1757782198676,0,0
-1.28409,37.09249,SPEED_BUMP,USER,True,BIDIRECTIONAL,269.8,269.8,2025-09-13T16:50:17.246329Z,,,,,,,,1757782217327,0,0
-1.28407,37.09201,RUMBLE_STRIP,USER,True,BIDIRECTIONAL,269.5,269.5,2025-09-13T16:50:35.930347Z,,,,,,,,1757782236006,0,0
-1.28403,37.09117,RUMBLE_STRIP,USER,True,BIDIRECTIONAL,274.0,274.0,2025-09-13T16:50:59.677571Z,,,,,,,,1757782259749,0,0
-1.28399,37.09071,RUMBLE_STRIP,USER,True,ONE_WAY,275.2,275.2,2025-09-13T16:51:07.896721Z,,,,,,,,1757782267967,0,0
-1.28273,37.06721,SPEED_BUMP,USER,True,BIDIRECTIONAL,269.5,269.5,2025-09-13T16:55:17.229159Z,,,,,,,,1757782517298,0,0
-1.28276,37.06641,SPEED_BUMP,USER,True,BIDIRECTIONAL,270.6,270.6,2025-09-13T16:55:30.993585Z,,,,,,,,1757782531063,0,0
-1.28275,37.06565,SPEED_BUMP,USER,True,BIDIRECTIONAL,270.5,270.5,2025-09-13T16:55:48.883075Z,,,,,,,,1757782548948,0,0
-1.28273,37.06488,SPEED_BUMP,USER,True,BIDIRECTIONAL,274.3,274.3,2025-09-13T16:56:00.598195Z,,,,,,,,1757782560655,0,0
-1.28262,37.06374,SPEED_BUMP,USER,True,BIDIRECTIONAL,275.5,275.5,2025-09-13T16:56:14.883060Z,,,,,,,,1757782574938,0,0
-1.27963,37.0487,SPEED_BUMP,USER,True,BIDIRECTIONAL,276.5,276.5,2025-09-13T16:58:29.746962Z,,,,,,,,1757782709829,0,0
-1.2794,37.04638,SPEED_BUMP,USER,True,BIDIRECTIONAL,275.5,275.5,2025-09-13T16:58:52.681302Z,,,,,,,,1757782732745,0,0
-1.27776,37.02993,SPEED_BUMP,USER,True,BIDIRECTIONAL,275.8,275.8,2025-09-13T17:01:57.265229Z,,,,,,,,1757782917340,0,0
-1.27603,37.01137,SPEED_BUMP,USER,True,BIDIRECTIONAL,274.7,274.7,2025-09-13T17:04:42.736690Z,,,,,,,,1757783082799,0,0
-1.27592,37.01012,SPEED_BUMP,USER,True,BIDIRECTIONAL,275.4,275.4,2025-09-13T17:05:12.930896Z,,,,,,,,1757783112997,0,0
-1.27553,37.00599,SPEED_BUMP,USER,True,BIDIRECTIONAL,275.5,275.5,2025-09-13T17:06:02.963189Z,,,,,,,,1757783163034,0,0
-1.27345,37.00032,SPEED_BUMP,USER,True,BIDIRECTIONAL,303.9,303.9,2025-09-13T17:08:03.610613Z,,,,,,,,1757783283679,0,0
-1.26771,36.99081,SPEED_BUMP,USER,True,BIDIRECTIONAL,300.6,300.6,2025-09-13T17:11:08.328661Z,,,,,,,,1757783468414,0,0
-1.26703,36.98971,SPEED_BUMP,USER,True,BIDIRECTIONAL,302.4,302.4,2025-09-13T17:11:27.496242Z,,,,,,,,1757783487581,0,0
-1.26536,36.98641,SPEED_BUMP,USER,True,BIDIRECTIONAL,291.3,291.3,2025-09-13T17:12:09.595268Z,,,,,,,,1757783529670,0,0
-1.26784,36.97982,RUMBLE_STRIP,USER,True,ONE_WAY,221.6,221.6,2025-09-13T17:14:46.098809Z,,,,,,,,1757783686184,0,0
-1.26818,36.97951,RUMBLE_STRIP,USER,True,ONE_WAY,222.9,222.9,2025-09-13T17:14:51.929592Z,,,,,,,,1757783692019,0,0
-1.26848,36.97924,SPEED_BUMP,USER,True,ONE_WAY,222.2,222.2,2025-09-13T17:14:57.630105Z,,,,,,,,1757783697707,0,0
-1.27644,36.97063,RUMBLE_STRIP,USER,True,ONE_WAY,225.2,225.2,2025-09-13T17:16:25.314409Z,,,,,,,,1757783785440,0,0
-1.27687,36.97022,RUMBLE_STRIP,USER,True,ONE_WAY,223.5,223.5,2025-09-13T17:16:31.511722Z,,,,,,,,1757783791591,0,0
-1.27812,36.96888,RUMBLE_STRIP,USER,True,ONE_WAY,229.4,229.4,2025-09-13T17:17:01.894850Z,,,,,,,,1757783821977,0,0
-1.27833,36.96861,SPEED_BUMP,USER,True,ONE_WAY,233.4,233.4,2025-09-13T17:17:17.301638Z,,,,,,,,1757783837387,0,0
-1.28268,36.9604,RUMBLE_STRIP,USER,True,ONE_WAY,238.8,238.8,2025-09-13T17:19:00.663217Z,,,,,,,,1757783940743,0,0
-1.28287,36.9601,SPEED_BUMP,USER,True,ONE_WAY,240.4,240.4,2025-09-13T17:19:09.154653Z,,,,,,,,1757783949231,0,0
-1.28352,36.95906,RUMBLE_STRIP,USER,True,ONE_WAY,237.9,237.9,2025-09-13T17:19:26.113399Z,,,,,,,,1757783966201,0,0
-1.28384,36.95855,RUMBLE_STRIP,USER,True,ONE_WAY,238.2,238.2,2025-09-13T17:19:34.501428Z,,,,,,,,1757783974585,0,0
-1.28461,36.95731,RUMBLE_STRIP,USER,True,ONE_WAY,239.3,239.3,2025-09-13T17:19:56.512582Z,,,,,,,,1757783996588,0,0
-1.28476,36.95702,SPEED_BUMP,USER,True,ONE_WAY,238.3,238.3,2025-09-13T17:20:05.663428Z,,,,,,,,1757784005745,0,0
-1.28855,36.95099,RUMBLE_STRIP,USER,True,ONE_WAY,238.2,238.2,2025-09-13T17:21:20.944583Z,,,,,,,,1757784081013,0,0
-1.2888,36.95059,SPEED_BUMP,USER,True,ONE_WAY,239.8,239.8,2025-09-13T17:21:35.780525Z,,,,,,,,1757784095862,0,0
-1.28914,36.95004,RUMBLE_STRIP,USER,True,ONE_WAY,238.2,238.2,2025-09-13T17:21:45.856099Z,,,,,,,,1757784105936,0,0
-1.29181,36.94571,RUMBLE_STRIP,USER,True,ONE_WAY,236.9,236.9,2025-09-13T17:22:23.735228Z,,,,,,,,1757784143816,0,0
-1.29198,36.94545,RUMBLE_STRIP,USER,True,ONE_WAY,236.0,236.0,2025-09-13T17:22:27.427327Z,,,,,,,,1757784147502,0,0
-1.29207,36.94532,SPEED_BUMP,USER,True,ONE_WAY,234.9,234.9,2025-09-13T17:22:32.441029Z,,,,,,,,1757784152516,0,0
-1.3054,36.93471,RUMBLE_STRIP,USER,True,ONE_WAY,216.7,216.7,2025-09-13T17:24:06.539910Z,,,,,,,,1757784246615,0,0
-1.30569,36.9345,RUMBLE_STRIP,USER,True,ONE_WAY,217.1,217.1,2025-09-13T17:24:09.947125Z,,,,,,,,1757784250029,0,0
-1.32954,36.88513,SPEED_BUMP,USER,True,ONE_WAY,295.3,295.3,2025-09-13T17:30:47.819702Z,,,,,,,,1757784647901,0,0
-1.32941,36.88485,SPEED_BUMP,USER,True,ONE_WAY,294.8,294.8,2025-09-13T17:30:55.976488Z,,,,,,,,1757784656055,0,0
-1.26254,36.75043,SPEED_BUMP,USER,True,BIDIRECTIONAL,215.2,215.2,2025-09-15T15:08:20.495750Z,,,,,,,,1757948900561,0,0
-1.26458,36.73968,SPEED_BUMP,USER,True,ONE_WAY,271.4,271.4,2025-09-15T15:12:42.282871Z,,,,,,,,1757949162372,0,0
-1.24733,36.68451,SPEED_BUMP,USER,True,BIDIRECTIONAL,19.9,19.9,2025-09-16T03:17:16.899025Z,,,,,,,,1757992636978,0,0
-1.26007,36.71888,SPEED_BUMP,USER,True,ONE_WAY,81.5,81.5,2025-09-16T03:41:44.056814Z,,,,,,,,1757994104140,0,0
-1.26132,36.80101,SPEED_BUMP,USER,True,ONE_WAY,342.0,342.0,2025-09-16T05:53:18.591387Z,,,,,,,,1758001998653,0,0
-1.26083,36.80084,SPEED_BUMP,USER,True,ONE_WAY,341.2,341.2,2025-09-16T05:53:30.349944Z,,,,,,,,1758002010406,0,0
-1.25963,36.79631,POTHOLE,USER,True,ONE_WAY,281.8,281.8,2025-09-16T05:55:02.361661Z,,,,,,,,1758002102421,0,0
-1.25835,36.79515,SPEED_BUMP,USER,True,BIDIRECTIONAL,317.3,317.3,2025-09-16T05:55:53.640717Z,,,,,,,,1758002153732,0,0
-1.25806,36.79486,SPEED_BUMP,USER,True,BIDIRECTIONAL,316.1,316.1,2025-09-16T05:56:02.709941Z,,,,,,,,1758002162799,0,0
-1.25755,36.79403,SPEED_BUMP,USER,True,BIDIRECTIONAL,280.0,280.0,2025-09-16T05:56:18.776419Z,,,,,,,,1758002178860,0,0
-1.25747,36.79347,SPEED_BUMP,USER,True,BIDIRECTIONAL,277.4,277.4,2025-09-16T05:56:29.907608Z,,,,,,,,1758002189990,0,0
-1.25748,36.79302,SPEED_BUMP,USER,True,BIDIRECTIONAL,262.6,262.6,2025-09-16T05:56:40.718382Z,,,,,,,,1758002200806,0,0
-1.2579,36.79229,POTHOLE,USER,True,ONE_WAY,184.5,184.5,2025-09-16T05:56:59.057353Z,,,,,,,,1758002219134,0,0
-1.25045,36.76951,SPEED_LIMIT_ZONE,USER,True,BIDIRECTIONAL,269.3,269.3,2025-09-16T15:49:38.039202Z,,50.0,150.0,-1.25043071,36.7712013,-1.25042257,36.76985074,1758037778129,0,0
-1.26164,36.75065,SPEED_BUMP,USER,True,BIDIRECTIONAL,188.3,188.3,2025-09-16T15:55:34.991150Z,,,,,,,,1758038135081,0,0
-1.26024,36.71814,SPEED_LIMIT_ZONE,USER,True,BIDIRECTIONAL,76.5,76.5,2025-09-17T05:40:26.707187Z,,50.0,146.0,-1.26074787,36.71616844,-1.26041637,36.71744683,1758087626793,0,0
-1.2628,36.72781,RUMBLE_STRIP,USER,True,ONE_WAY,119.7,119.7,2025-09-17T05:41:52.599110Z,,,,,,,,1758087712683,0,0
